指標名稱,相似度,片段內容
G-1-1,0.8223990598604598,"氣候相關財務揭露工作小組每年定期執行氣候風險與機會辨識流程，執行氣
候風險與機會質化 /量化分析，並依據評估結果針對各項風險與機會研擬因應
策略，每月進行監控與報告，提報風險管理委員會及董事會。
時間區間 短期 中期 長期
年度1年以內 
（2022年）1 至 7 年 
（2023-2029 年）7年以上
（2030年~）影響程度 定義
不相關 無財務影響或效益
輕度 財務影響或效益低於新臺幣 5,000萬元
中度 財務影響或效益介於新臺幣 5,000萬元 ~1億元
高度 財務影響或效益超過新臺幣 1億元
圖 3   氣候風險與機會辨識流程STEP
1STEP
4
STEP
2STEP
5"
G-1-1,0.8164689772015528,"圖」之要求，每季提報董事會控管進度。於此同時，永續經營委員會負責氣候議題的決策事項，並定期審核氣候風險相關財務揭露報告書。
每月定期由總經理擔任主任委員舉行風險管理委員會會議，主要成員為副總經理、總機構法令遵循主管及授信管理處、風險管理處、債權管理處、財務管理處、作業處、資訊安全處等
單位主管擔任。負責定期監控氣候風險之暴險狀況，檢視銀行在不同氣候情境下之因應策略是否具有韌性。
有關彰化銀行之氣候治理架構如下方圖 2 ；而該架構下各單位之會議頻率及於氣候議題之角色請見下方表 1 。
圖 2   彰化銀行氣候治理架構 表1   彰化銀行氣候治理架構下各單位會議頻率與氣候議題角色
彰化銀行董事會"
G-1-1,0.8145044602820368,"2022氣候相關財務揭露 TCFD報告書  41氣 候 治 理
氣 候 策 略
氣 候 風 險 管 理
管 理 氣 候 影 響 力
氣 候 指 標 與 目 標
未 來 展 望
附 錄附錄  TCFD 核心要素對照表
治理描述董事會對氣候相關風險與機會的監督。1-2 氣候治理架構 - 董事會
1-2 氣候治理架構 - 功能性委員會
描述管理階層在評估和管理氣候相關風險與機會方面的角色。 1-2 氣候治理架構 -管理階層 (業務單位 )
策略描述組織鑑別的短、中、長期氣候相關風險與機會。3-1 氣候風險鑑別結果
4-1 氣候機會鑑別結果"
G-1-1,0.8074988212861307,"前 言
關 於 本 報 告 書
02  前言氣候相關財務資訊揭露的核心要素本報告書以彰化銀行的營運活動作為本次揭露邊界。營運邊界
本報告書報告範疇為西元 (下同 )2021年1月1日至 2021年12月31日。報告範疇
本報告書依循國際金融穩定委員會 (Financial Stability Board, FSB) 之「氣候相關財務揭露建議」(Recommendations of the Task Force on Climate-related Financial Disclosures, 以"
G-1-1,0.8056814702517652,"圖 2   彰化銀行氣候治理架構 表1   彰化銀行氣候治理架構下各單位會議頻率與氣候議題角色
彰化銀行董事會
每季陳報風險管理報告
含氣候風險管理議題氣候相關財務揭露
(TCFD)工作小組
風險管理處主責風險管理委員會
由總經理擔任主任委員永續經營委員會
由董事長、3 位獨立董事及
總經理擔任委員
永續發展執行小組
副總經理擔任總負責人單位召集人 /
主責單位開會頻率 氣候議題角色
董事會 董事長 每月一次 (章
程規定至少每
季一次 )氣候議題最高治理單位，積極關注
氣候變遷議題以掌握與彰化銀行相
關之氣候相關風險與機會。
永續經營委員會 董事長每年至少二
次，必要時得"
G-1-1,0.8049833498530308,"董事會 董事長 每月一次 (章
程規定至少每
季一次 )氣候議題最高治理單位，積極關注
氣候變遷議題以掌握與彰化銀行相
關之氣候相關風險與機會。
永續經營委員會 董事長每年至少二
次，必要時得
隨時召集推動永續發展執行、協調建立相關
制度、督導檢視政策之執行情形及
其成效，定期審核相關執行報告。
風險管理委員會 總經理 每月一次監控氣候風險之暴險狀況，檢視銀
行在不同氣候情境下之因應策略是
否具有韌性。
永續發展
執行小組副總經理 固定開會由永續經營委員會指派 1名副總經
理擔任總負責人，並依各工作分組
(公司治理、責任金融、員工照護、
社會共融及環境永續 )，執行包含氣"
G-1-2,0.8086434664714138,"前 言
關 於 本 報 告 書
02  前言氣候相關財務資訊揭露的核心要素本報告書以彰化銀行的營運活動作為本次揭露邊界。營運邊界
本報告書報告範疇為西元 (下同 )2021年1月1日至 2021年12月31日。報告範疇
本報告書依循國際金融穩定委員會 (Financial Stability Board, FSB) 之「氣候相關財務揭露建議」(Recommendations of the Task Force on Climate-related Financial Disclosures, 以"
G-1-2,0.8040878346892956,"圖」之要求，每季提報董事會控管進度。於此同時，永續經營委員會負責氣候議題的決策事項，並定期審核氣候風險相關財務揭露報告書。
每月定期由總經理擔任主任委員舉行風險管理委員會會議，主要成員為副總經理、總機構法令遵循主管及授信管理處、風險管理處、債權管理處、財務管理處、作業處、資訊安全處等
單位主管擔任。負責定期監控氣候風險之暴險狀況，檢視銀行在不同氣候情境下之因應策略是否具有韌性。
有關彰化銀行之氣候治理架構如下方圖 2 ；而該架構下各單位之會議頻率及於氣候議題之角色請見下方表 1 。
圖 2   彰化銀行氣候治理架構 表1   彰化銀行氣候治理架構下各單位會議頻率與氣候議題角色
彰化銀行董事會"
G-1-3,0.8357492427136796,"前 言
關 於 本 報 告 書
2022氣候相關財務揭露 TCFD報告書  01近年來全球面臨極端氣候的嚴峻考驗，熱浪、水患頻襲、糧食短缺、能源危機等，據聯合國氣候變遷專門委員會公布最新氣候變遷評估報告，強調只要全球暖化升溫超過 1.5° C，對生態
或是人類系統的風險將大幅升高；而且升溫越多，人類將越無法調適。此等全球暖化氣候變遷問題可能演變為信用、市場、流動性及作業風險等系統性金融危機，面對氣候挑戰，從京都
議定書、巴黎協定至格拉斯哥協議，淨零趨勢已形成全球共識，在 2021年底第 26 屆聯合國氣候變遷會議中成立的「格拉斯哥淨零金融聯盟」，在會中宣示將於 2050年達成淨零排放目標。"
G-1-3,0.8289372793965306,"氣候相關財務揭露工作小組每年定期執行氣候風險與機會辨識流程，執行氣
候風險與機會質化 /量化分析，並依據評估結果針對各項風險與機會研擬因應
策略，每月進行監控與報告，提報風險管理委員會及董事會。
時間區間 短期 中期 長期
年度1年以內 
（2022年）1 至 7 年 
（2023-2029 年）7年以上
（2030年~）影響程度 定義
不相關 無財務影響或效益
輕度 財務影響或效益低於新臺幣 5,000萬元
中度 財務影響或效益介於新臺幣 5,000萬元 ~1億元
高度 財務影響或效益超過新臺幣 1億元
圖 3   氣候風險與機會辨識流程STEP
1STEP
4
STEP
2STEP
5"
G-1-3,0.826967100263815,"2022氣候相關財務揭露 TCFD報告書  41氣 候 治 理
氣 候 策 略
氣 候 風 險 管 理
管 理 氣 候 影 響 力
氣 候 指 標 與 目 標
未 來 展 望
附 錄附錄  TCFD 核心要素對照表
治理描述董事會對氣候相關風險與機會的監督。1-2 氣候治理架構 - 董事會
1-2 氣候治理架構 - 功能性委員會
描述管理階層在評估和管理氣候相關風險與機會方面的角色。 1-2 氣候治理架構 -管理階層 (業務單位 )
策略描述組織鑑別的短、中、長期氣候相關風險與機會。3-1 氣候風險鑑別結果
4-1 氣候機會鑑別結果"
G-1-3,0.8174700702208078,"前 言
關 於 本 報 告 書
02  前言氣候相關財務資訊揭露的核心要素本報告書以彰化銀行的營運活動作為本次揭露邊界。營運邊界
本報告書報告範疇為西元 (下同 )2021年1月1日至 2021年12月31日。報告範疇
本報告書依循國際金融穩定委員會 (Financial Stability Board, FSB) 之「氣候相關財務揭露建議」(Recommendations of the Task Force on Climate-related Financial Disclosures, 以"
G-1-3,0.816150979229538,"下簡稱 TCFD) 框架，主要以治理 (Governance)、策略 (Strategy)、風險管理 (Risk Management) 及指標和目標 (Metrics and Targets) 之核心要素撰寫而成。宣告製作依據
治理 該組織針對氣候相關風險與機會的治理
策略 氣候相關風險與機會對於組織的業務、策略和財務規劃的實際和潛在衝擊
風險管理 組織鑑別、評估和管理氣候相關風險的流程
指標和目標 用以評估和管理氣候相關風險與機會的指標和目標關於本報告書"
G-1-3,0.8152803307064242,"圖」之要求，每季提報董事會控管進度。於此同時，永續經營委員會負責氣候議題的決策事項，並定期審核氣候風險相關財務揭露報告書。
每月定期由總經理擔任主任委員舉行風險管理委員會會議，主要成員為副總經理、總機構法令遵循主管及授信管理處、風險管理處、債權管理處、財務管理處、作業處、資訊安全處等
單位主管擔任。負責定期監控氣候風險之暴險狀況，檢視銀行在不同氣候情境下之因應策略是否具有韌性。
有關彰化銀行之氣候治理架構如下方圖 2 ；而該架構下各單位之會議頻率及於氣候議題之角色請見下方表 1 。
圖 2   彰化銀行氣候治理架構 表1   彰化銀行氣候治理架構下各單位會議頻率與氣候議題角色
彰化銀行董事會"
G-1-3,0.8139876025688981,"2022氣候相關財務揭露 TCFD報告書  09氣 候 治 理
氣 候 策 略
氣 候 風 險 管 理
管 理 氣 候 影 響 力
氣 候 指 標 與 目 標
未 來 展 望
附 錄STEP 6
氣候風險與
機會辨識流程整合為因應氣候變遷相關的風險與機會，彰化銀行積極進行低碳轉型，將氣候變遷納入日常
運營及長期策略之中。考量氣候風險類型2、時間區間、影響程度、發生可能性、金融
業既有風險之關聯性及各項業務性質，藉此確立氣候風險辨識流程，以確實掌握彰化銀
行受氣候風險之影響，並進一步採取「減緩」與「調適」兩大氣候行動積極因應。2-2氣候議題鑑別及評估流程
氣候相關議題蒐集"
G-1-3,0.813792720102785,"2022氣候相關財務揭露 TCFD報告書  23氣 候 治 理
氣 候 策 略
氣 候 風 險 管 理
管 理 氣 候 影 響 力
氣 候 指 標 與 目 標
未 來 展 望
附 錄本次問卷結果，我們共鑑別出三大氣候變遷機會項目，其機會事件及影響說明如下表：
1. 降低溫室氣體排放量
彰化銀行執行各項資源節約、節能措施及溫室氣體排放減量策略等環境政策，並自發性導入各項國際管理系統，如環境管理系統 (ISO 14001)、能源管理系統 (ISO 50001)、水資源效率"
G-1-3,0.8132185624965234,"5-4投融資組合排放量
描述組織在管理氣候相關風險與機會所使用的目標，以及落實該目標的表現。 5    氣候指標與目標面向 一般行業指引 對應章節
策略 描述針對碳相關資產的信用暴險集中度。 5-3 碳資產暴險情形
風險管理考量揭露氣候相關風險與傳統銀行業風險之連結性 (如信用風險、市場風險、流動性風險和
作業風險 )。3-1 氣候風險鑑別結果
3-2 將氣候相關風險納入標準風險評估框架
指標和目標提供評估短、中、長期之氣候相關風險 (轉型與實體風險 )對其融資與其他金融中介業務影響
之指標。5    氣候指標與目標
揭露融資與其他金融中介活動之溫室氣體排放。5-1 溫室氣體排放管理"
G-1-3,0.8128493637045887,"Contents   
目錄
2022 
氣候相關財務揭露 
TCFD報告書前言 關於本報告書
02 | 營運邊界
02 | 報告範疇
02 | 宣告製作依據氣候相關財務揭露
附錄
41 | TCFD 核心要素對照表
42 | TCFD 符合性查核聲明書1 氣候治理
03 | 1-1 氣候治理進程
04 | 1-2氣候治理架構4 管理氣候影響力
21 | 4-1 氣候機會鑑別結果
23 | 4-2 綠色營運
25 | 4-3 綠色投融資
5 氣候指標與目標
32 | 5-1 溫室氣體排放管理
33 | 5-2 能資源與水資源管理
35 | 5-3 碳資產暴險情形"
G-2-1,0.8249644331621967,"前 言
關 於 本 報 告 書
2022氣候相關財務揭露 TCFD報告書  01近年來全球面臨極端氣候的嚴峻考驗，熱浪、水患頻襲、糧食短缺、能源危機等，據聯合國氣候變遷專門委員會公布最新氣候變遷評估報告，強調只要全球暖化升溫超過 1.5° C，對生態
或是人類系統的風險將大幅升高；而且升溫越多，人類將越無法調適。此等全球暖化氣候變遷問題可能演變為信用、市場、流動性及作業風險等系統性金融危機，面對氣候挑戰，從京都
議定書、巴黎協定至格拉斯哥協議，淨零趨勢已形成全球共識，在 2021年底第 26 屆聯合國氣候變遷會議中成立的「格拉斯哥淨零金融聯盟」，在會中宣示將於 2050年達成淨零排放目標。"
G-2-1,0.8245504500233705,"2022氣候相關財務揭露 TCFD報告書  41氣 候 治 理
氣 候 策 略
氣 候 風 險 管 理
管 理 氣 候 影 響 力
氣 候 指 標 與 目 標
未 來 展 望
附 錄附錄  TCFD 核心要素對照表
治理描述董事會對氣候相關風險與機會的監督。1-2 氣候治理架構 - 董事會
1-2 氣候治理架構 - 功能性委員會
描述管理階層在評估和管理氣候相關風險與機會方面的角色。 1-2 氣候治理架構 -管理階層 (業務單位 )
策略描述組織鑑別的短、中、長期氣候相關風險與機會。3-1 氣候風險鑑別結果
4-1 氣候機會鑑別結果"
G-2-1,0.8242786196432275,"氣候相關財務揭露工作小組每年定期執行氣候風險與機會辨識流程，執行氣
候風險與機會質化 /量化分析，並依據評估結果針對各項風險與機會研擬因應
策略，每月進行監控與報告，提報風險管理委員會及董事會。
時間區間 短期 中期 長期
年度1年以內 
（2022年）1 至 7 年 
（2023-2029 年）7年以上
（2030年~）影響程度 定義
不相關 無財務影響或效益
輕度 財務影響或效益低於新臺幣 5,000萬元
中度 財務影響或效益介於新臺幣 5,000萬元 ~1億元
高度 財務影響或效益超過新臺幣 1億元
圖 3   氣候風險與機會辨識流程STEP
1STEP
4
STEP
2STEP
5"
G-2-1,0.8194087198851876,"圖」之要求，每季提報董事會控管進度。於此同時，永續經營委員會負責氣候議題的決策事項，並定期審核氣候風險相關財務揭露報告書。
每月定期由總經理擔任主任委員舉行風險管理委員會會議，主要成員為副總經理、總機構法令遵循主管及授信管理處、風險管理處、債權管理處、財務管理處、作業處、資訊安全處等
單位主管擔任。負責定期監控氣候風險之暴險狀況，檢視銀行在不同氣候情境下之因應策略是否具有韌性。
有關彰化銀行之氣候治理架構如下方圖 2 ；而該架構下各單位之會議頻率及於氣候議題之角色請見下方表 1 。
圖 2   彰化銀行氣候治理架構 表1   彰化銀行氣候治理架構下各單位會議頻率與氣候議題角色
彰化銀行董事會"
G-2-1,0.817580136715694,"2022氣候相關財務揭露 TCFD報告書  09氣 候 治 理
氣 候 策 略
氣 候 風 險 管 理
管 理 氣 候 影 響 力
氣 候 指 標 與 目 標
未 來 展 望
附 錄STEP 6
氣候風險與
機會辨識流程整合為因應氣候變遷相關的風險與機會，彰化銀行積極進行低碳轉型，將氣候變遷納入日常
運營及長期策略之中。考量氣候風險類型2、時間區間、影響程度、發生可能性、金融
業既有風險之關聯性及各項業務性質，藉此確立氣候風險辨識流程，以確實掌握彰化銀
行受氣候風險之影響，並進一步採取「減緩」與「調適」兩大氣候行動積極因應。2-2氣候議題鑑別及評估流程
氣候相關議題蒐集"
G-2-1,0.8156820533930059,"工作小組1，辨識及評估氣候風險與機會，依據氣候議題相關之政策制定相關行動計畫、督導執行情形，由風險管理處彙整氣候風險資訊與執行狀況，執行氣候風險辨識、衡量、監控
及報告事項，並定期向董事會及風險管理委員會報告氣候風險之相關資訊，以貫徹對氣候風險與機會之因應作為。自 2022年起定期向董事會及永續經營委員會陳報氣候風險指標與
SBTi承諾與目標達成進度。1-2氣候治理架構2015• 環境管理系統通過 ISO 
14001驗證
2019• 頒布「彰化銀行促進供
應商落實企業社會責
任管理要點」
• 國際碳揭露組織 (CDP)
氣候變遷問卷調升評
比為「B」管理等級"
G-2-1,0.8144000094815773,"圖 2   彰化銀行氣候治理架構 表1   彰化銀行氣候治理架構下各單位會議頻率與氣候議題角色
彰化銀行董事會
每季陳報風險管理報告
含氣候風險管理議題氣候相關財務揭露
(TCFD)工作小組
風險管理處主責風險管理委員會
由總經理擔任主任委員永續經營委員會
由董事長、3 位獨立董事及
總經理擔任委員
永續發展執行小組
副總經理擔任總負責人單位召集人 /
主責單位開會頻率 氣候議題角色
董事會 董事長 每月一次 (章
程規定至少每
季一次 )氣候議題最高治理單位，積極關注
氣候變遷議題以掌握與彰化銀行相
關之氣候相關風險與機會。
永續經營委員會 董事長每年至少二
次，必要時得"
G-2-1,0.8126324970955758,"Contents   
目錄
2022 
氣候相關財務揭露 
TCFD報告書前言 關於本報告書
02 | 營運邊界
02 | 報告範疇
02 | 宣告製作依據氣候相關財務揭露
附錄
41 | TCFD 核心要素對照表
42 | TCFD 符合性查核聲明書1 氣候治理
03 | 1-1 氣候治理進程
04 | 1-2氣候治理架構4 管理氣候影響力
21 | 4-1 氣候機會鑑別結果
23 | 4-2 綠色營運
25 | 4-3 綠色投融資
5 氣候指標與目標
32 | 5-1 溫室氣體排放管理
33 | 5-2 能資源與水資源管理
35 | 5-3 碳資產暴險情形"
G-2-1,0.8094661940277708,"董事會 董事長 每月一次 (章
程規定至少每
季一次 )氣候議題最高治理單位，積極關注
氣候變遷議題以掌握與彰化銀行相
關之氣候相關風險與機會。
永續經營委員會 董事長每年至少二
次，必要時得
隨時召集推動永續發展執行、協調建立相關
制度、督導檢視政策之執行情形及
其成效，定期審核相關執行報告。
風險管理委員會 總經理 每月一次監控氣候風險之暴險狀況，檢視銀
行在不同氣候情境下之因應策略是
否具有韌性。
永續發展
執行小組副總經理 固定開會由永續經營委員會指派 1名副總經
理擔任總負責人，並依各工作分組
(公司治理、責任金融、員工照護、
社會共融及環境永續 )，執行包含氣"
G-2-1,0.8091223178907703,"08  氣候策略氣 候 治 理
氣 候 策 略
氣 候 風 險 管 理
管 理 氣 候 影 響 力
氣 候 指 標 與 目 標
未 來 展 望
附 錄以綠色金融為核心，透過資金挹注及金融商品與服務協助企業低碳轉型，並考量業務發
展、風險管理、自身營運等層面設置具體發展目標。2-1氣候策略
表2   低碳轉型發展策略
層面 發展目標 相關章節
氣候風險管理研擬投融資對象於氣候層面表現的檢
視標準，將氣候相關因子納入投融資
流程管理，規劃與未掌握氣候風險管
理之高碳排放企業進行議合，協助其
適應低碳轉型。3-4 投融資風險管理
低碳營運2022年簽署科學基礎減碳目標倡議"
G-2-2,0.8059624000705146,"前 言
關 於 本 報 告 書
2022氣候相關財務揭露 TCFD報告書  01近年來全球面臨極端氣候的嚴峻考驗，熱浪、水患頻襲、糧食短缺、能源危機等，據聯合國氣候變遷專門委員會公布最新氣候變遷評估報告，強調只要全球暖化升溫超過 1.5° C，對生態
或是人類系統的風險將大幅升高；而且升溫越多，人類將越無法調適。此等全球暖化氣候變遷問題可能演變為信用、市場、流動性及作業風險等系統性金融危機，面對氣候挑戰，從京都
議定書、巴黎協定至格拉斯哥協議，淨零趨勢已形成全球共識，在 2021年底第 26 屆聯合國氣候變遷會議中成立的「格拉斯哥淨零金融聯盟」，在會中宣示將於 2050年達成淨零排放目標。"
G-2-3,0.8352270663332041,"描述組織在氣候相關風險的管理流程。3-3 營運風險管理
3-4 投融資風險管理
描述氣候相關風險的鑑別、評估和管理流程如何整合在組織的整體風險管理制度。 3-2 將氣候相關風險納入標準風險評估框架
指標和目標揭露組織依循其策略和風險管理流程進行評估氣候相關風險與機會所使用的指標。 5    氣候指標與目標
揭露類別 1、類別 2和投融資組合（如適用）溫室氣體排放和相關風險。5-1 溫室氣體排放管理
5-4投融資組合排放量
描述組織在管理氣候相關風險與機會所使用的目標，以及落實該目標的表現。 5    氣候指標與目標面向 一般行業指引 對應章節"
G-2-3,0.8336432173771509,"氣候相關財務揭露工作小組每年定期執行氣候風險與機會辨識流程，執行氣
候風險與機會質化 /量化分析，並依據評估結果針對各項風險與機會研擬因應
策略，每月進行監控與報告，提報風險管理委員會及董事會。
時間區間 短期 中期 長期
年度1年以內 
（2022年）1 至 7 年 
（2023-2029 年）7年以上
（2030年~）影響程度 定義
不相關 無財務影響或效益
輕度 財務影響或效益低於新臺幣 5,000萬元
中度 財務影響或效益介於新臺幣 5,000萬元 ~1億元
高度 財務影響或效益超過新臺幣 1億元
圖 3   氣候風險與機會辨識流程STEP
1STEP
4
STEP
2STEP
5"
G-2-3,0.8230571259226837,"2022氣候相關財務揭露 TCFD報告書  41氣 候 治 理
氣 候 策 略
氣 候 風 險 管 理
管 理 氣 候 影 響 力
氣 候 指 標 與 目 標
未 來 展 望
附 錄附錄  TCFD 核心要素對照表
治理描述董事會對氣候相關風險與機會的監督。1-2 氣候治理架構 - 董事會
1-2 氣候治理架構 - 功能性委員會
描述管理階層在評估和管理氣候相關風險與機會方面的角色。 1-2 氣候治理架構 -管理階層 (業務單位 )
策略描述組織鑑別的短、中、長期氣候相關風險與機會。3-1 氣候風險鑑別結果
4-1 氣候機會鑑別結果"
G-2-3,0.8206136139904171,"2022氣候相關財務揭露 TCFD報告書  09氣 候 治 理
氣 候 策 略
氣 候 風 險 管 理
管 理 氣 候 影 響 力
氣 候 指 標 與 目 標
未 來 展 望
附 錄STEP 6
氣候風險與
機會辨識流程整合為因應氣候變遷相關的風險與機會，彰化銀行積極進行低碳轉型，將氣候變遷納入日常
運營及長期策略之中。考量氣候風險類型2、時間區間、影響程度、發生可能性、金融
業既有風險之關聯性及各項業務性質，藉此確立氣候風險辨識流程，以確實掌握彰化銀
行受氣候風險之影響，並進一步採取「減緩」與「調適」兩大氣候行動積極因應。2-2氣候議題鑑別及評估流程
氣候相關議題蒐集"
G-2-3,0.8132871664856944,"策略描述組織鑑別的短、中、長期氣候相關風險與機會。3-1 氣候風險鑑別結果
4-1 氣候機會鑑別結果
描述衝擊組織在業務、策略和財務規劃的氣候相關風險與機會。3-1 氣候風險鑑別結果
4-1氣候機會鑑別結果
描述組織在策略上的韌性，並考量不同氣候相關情境（包括 2˚C或更嚴苛的情境）。 2-3 以情境分析評估策略韌性
風險管理描述組織在氣候相關風險的鑑別和評估流程。 2-2氣候議題鑑別及評估流程
描述組織在氣候相關風險的管理流程。3-3 營運風險管理
3-4 投融資風險管理
描述氣候相關風險的鑑別、評估和管理流程如何整合在組織的整體風險管理制度。 3-2 將氣候相關風險納入標準風險評估框架"
G-2-3,0.8127804114604249,"下簡稱 TCFD) 框架，主要以治理 (Governance)、策略 (Strategy)、風險管理 (Risk Management) 及指標和目標 (Metrics and Targets) 之核心要素撰寫而成。宣告製作依據
治理 該組織針對氣候相關風險與機會的治理
策略 氣候相關風險與機會對於組織的業務、策略和財務規劃的實際和潛在衝擊
風險管理 組織鑑別、評估和管理氣候相關風險的流程
指標和目標 用以評估和管理氣候相關風險與機會的指標和目標關於本報告書"
G-2-3,0.8111138618500313,"08  氣候策略氣 候 治 理
氣 候 策 略
氣 候 風 險 管 理
管 理 氣 候 影 響 力
氣 候 指 標 與 目 標
未 來 展 望
附 錄以綠色金融為核心，透過資金挹注及金融商品與服務協助企業低碳轉型，並考量業務發
展、風險管理、自身營運等層面設置具體發展目標。2-1氣候策略
表2   低碳轉型發展策略
層面 發展目標 相關章節
氣候風險管理研擬投融資對象於氣候層面表現的檢
視標準，將氣候相關因子納入投融資
流程管理，規劃與未掌握氣候風險管
理之高碳排放企業進行議合，協助其
適應低碳轉型。3-4 投融資風險管理
低碳營運2022年簽署科學基礎減碳目標倡議"
G-2-3,0.810764380182179,"23 | 4-2 綠色營運
25 | 4-3 綠色投融資
5 氣候指標與目標
32 | 5-1 溫室氣體排放管理
33 | 5-2 能資源與水資源管理
35 | 5-3 碳資產暴險情形
37 | 5-4 投融資組合排放量2 氣候策略
08 | 2-1 氣候策略
09 | 2-2 氣候議題鑑別及評估流程
10 | 2-3 以情境分析評估策略韌性
3 氣候風險管理
11 | 3-1 氣候風險鑑別結果
14 | 3-2 將氣候相關風險納入標準風險評估框架
16 | 3-3 營運風險管理
18 | 3-4 投融資風險管理6 未來展望
40 | 6     未來展望"
G-2-3,0.8102044803731361,"前 言
關 於 本 報 告 書
2022氣候相關財務揭露 TCFD報告書  01近年來全球面臨極端氣候的嚴峻考驗，熱浪、水患頻襲、糧食短缺、能源危機等，據聯合國氣候變遷專門委員會公布最新氣候變遷評估報告，強調只要全球暖化升溫超過 1.5° C，對生態
或是人類系統的風險將大幅升高；而且升溫越多，人類將越無法調適。此等全球暖化氣候變遷問題可能演變為信用、市場、流動性及作業風險等系統性金融危機，面對氣候挑戰，從京都
議定書、巴黎協定至格拉斯哥協議，淨零趨勢已形成全球共識，在 2021年底第 26 屆聯合國氣候變遷會議中成立的「格拉斯哥淨零金融聯盟」，在會中宣示將於 2050年達成淨零排放目標。"
G-2-3,0.8097846345416948,"Contents   
目錄
2022 
氣候相關財務揭露 
TCFD報告書前言 關於本報告書
02 | 營運邊界
02 | 報告範疇
02 | 宣告製作依據氣候相關財務揭露
附錄
41 | TCFD 核心要素對照表
42 | TCFD 符合性查核聲明書1 氣候治理
03 | 1-1 氣候治理進程
04 | 1-2氣候治理架構4 管理氣候影響力
21 | 4-1 氣候機會鑑別結果
23 | 4-2 綠色營運
25 | 4-3 綠色投融資
5 氣候指標與目標
32 | 5-1 溫室氣體排放管理
33 | 5-2 能資源與水資源管理
35 | 5-3 碳資產暴險情形"
G-2-4,0.8116054837644867,"氣候相關財務揭露工作小組每年定期執行氣候風險與機會辨識流程，執行氣
候風險與機會質化 /量化分析，並依據評估結果針對各項風險與機會研擬因應
策略，每月進行監控與報告，提報風險管理委員會及董事會。
時間區間 短期 中期 長期
年度1年以內 
（2022年）1 至 7 年 
（2023-2029 年）7年以上
（2030年~）影響程度 定義
不相關 無財務影響或效益
輕度 財務影響或效益低於新臺幣 5,000萬元
中度 財務影響或效益介於新臺幣 5,000萬元 ~1億元
高度 財務影響或效益超過新臺幣 1億元
圖 3   氣候風險與機會辨識流程STEP
1STEP
4
STEP
2STEP
5"
G-2-4,0.811390611161134,"2022氣候相關財務揭露 TCFD報告書  41氣 候 治 理
氣 候 策 略
氣 候 風 險 管 理
管 理 氣 候 影 響 力
氣 候 指 標 與 目 標
未 來 展 望
附 錄附錄  TCFD 核心要素對照表
治理描述董事會對氣候相關風險與機會的監督。1-2 氣候治理架構 - 董事會
1-2 氣候治理架構 - 功能性委員會
描述管理階層在評估和管理氣候相關風險與機會方面的角色。 1-2 氣候治理架構 -管理階層 (業務單位 )
策略描述組織鑑別的短、中、長期氣候相關風險與機會。3-1 氣候風險鑑別結果
4-1 氣候機會鑑別結果"
G-2-4,0.8058010558176124,"描述組織在氣候相關風險的管理流程。3-3 營運風險管理
3-4 投融資風險管理
描述氣候相關風險的鑑別、評估和管理流程如何整合在組織的整體風險管理制度。 3-2 將氣候相關風險納入標準風險評估框架
指標和目標揭露組織依循其策略和風險管理流程進行評估氣候相關風險與機會所使用的指標。 5    氣候指標與目標
揭露類別 1、類別 2和投融資組合（如適用）溫室氣體排放和相關風險。5-1 溫室氣體排放管理
5-4投融資組合排放量
描述組織在管理氣候相關風險與機會所使用的目標，以及落實該目標的表現。 5    氣候指標與目標面向 一般行業指引 對應章節"
S-1-1,0.8405887158462225,"策略描述組織鑑別的短、中、長期氣候相關風險與機會。3-1 氣候風險鑑別結果
4-1 氣候機會鑑別結果
描述衝擊組織在業務、策略和財務規劃的氣候相關風險與機會。3-1 氣候風險鑑別結果
4-1氣候機會鑑別結果
描述組織在策略上的韌性，並考量不同氣候相關情境（包括 2˚C或更嚴苛的情境）。 2-3 以情境分析評估策略韌性
風險管理描述組織在氣候相關風險的鑑別和評估流程。 2-2氣候議題鑑別及評估流程
描述組織在氣候相關風險的管理流程。3-3 營運風險管理
3-4 投融資風險管理
描述氣候相關風險的鑑別、評估和管理流程如何整合在組織的整體風險管理制度。 3-2 將氣候相關風險納入標準風險評估框架"
S-1-1,0.8359306216762462,"氣候相關財務揭露工作小組每年定期執行氣候風險與機會辨識流程，執行氣
候風險與機會質化 /量化分析，並依據評估結果針對各項風險與機會研擬因應
策略，每月進行監控與報告，提報風險管理委員會及董事會。
時間區間 短期 中期 長期
年度1年以內 
（2022年）1 至 7 年 
（2023-2029 年）7年以上
（2030年~）影響程度 定義
不相關 無財務影響或效益
輕度 財務影響或效益低於新臺幣 5,000萬元
中度 財務影響或效益介於新臺幣 5,000萬元 ~1億元
高度 財務影響或效益超過新臺幣 1億元
圖 3   氣候風險與機會辨識流程STEP
1STEP
4
STEP
2STEP
5"
S-1-1,0.8213213017237635,"表8   本年度重大氣候風險影響程度及因應措施
排序 風險事件 時間範圍 影響範圍 傳統風險 營運影響 財務影響 因應作為
1碳排放管制 中期 融資業務 信用風險• 部分客戶成為環保署排碳管
制名單，未來徵收碳費，將
衝擊客戶營收，對銀行產生
信用風險3-4、2
辨別轉型風險對信用風險之
影響3-4
投融資風險管理
2天災影響公司
營運中期 自身營運 作業風險• 營運據點資產損失
• 營運據點營運中斷
• 同仁上下班可能受傷3-3、1
辨別實體風險對作業風險之
影響3-3
營運風險管理
3投/融資對象資產
受損中期融資業務
投資業務信用風險
市場風險• 擔保品所在區域房價下跌，"
S-1-1,0.8212385042398639,"業及 SASB揭露與氣候風險相關之高碳排產業 (農林漁牧業、礦業及土石採取業、電力
及燃氣供應業、運輸及倉儲業 )之暴險情形，以持續監控氣候風險之暴險狀況，檢視限
額運作之有效性。
另，使用氣候情境分析，從未來一系列可能出現的狀況，有效地識別及評估氣候相關風
險對業務表現的潛在影響，並依據分析結果，有效掌握並制定靈活穩健的因應策略，檢
視銀行在不同氣候情境下之因應策略是否具有韌性。風險管理委員會"
S-1-1,0.8197086579326154,"前 言
關 於 本 報 告 書
02  前言氣候相關財務資訊揭露的核心要素本報告書以彰化銀行的營運活動作為本次揭露邊界。營運邊界
本報告書報告範疇為西元 (下同 )2021年1月1日至 2021年12月31日。報告範疇
本報告書依循國際金融穩定委員會 (Financial Stability Board, FSB) 之「氣候相關財務揭露建議」(Recommendations of the Task Force on Climate-related Financial Disclosures, 以"
S-1-1,0.8186124605496956,"份有限公司永續發展政策」增訂氣候風險管理政策，以建立完整氣候風險管理程序，準確辨識及評估氣候相關之風險與機會，強化對氣候風險之管理。
氣候風險雖擬於整體風險架構中作為獨立的風險項目，然其與既有之風險項目密不可分；與氣候風險相關之傳統風險定義如表  9所示；表  10說明各傳統風險類型如何受氣候相關實體
與轉型風險影響：3-2將氣候相關風險納入標準風險評估框架本次問卷結果，我們共鑑別出三大氣候變遷風險項目，其風險事件及影響說明如下表：
表8   本年度重大氣候風險影響程度及因應措施
排序 風險事件 時間範圍 影響範圍 傳統風險 營運影響 財務影響 因應作為"
S-1-1,0.8162861441727125,"12  氣候風險管理氣 候 治 理
氣 候 策 略
氣 候 風 險 管 理
管 理 氣 候 影 響 力
氣 候 指 標 與 目 標
未 來 展 望
附 錄圖4   2021 年度氣候相關風險矩陣 表7   氣候風險鑑別議題
影響程度2.700 2.802.903.003.103.203.303.403.501.801.902.002.102.202.302.402.502.60
發生可能性類型 風險因子 風險事件 說明
實體立即性天災影響公司
營運在氣候變遷下，颱風和豪雨都越加
嚴重與頻繁，將可能使彰化銀行之
營運據點面臨天然災害，增加建築
設備維護成本，甚至造成營運中斷
或人員傷亡。"
S-1-1,0.8158125151415693,"2022氣候相關財務揭露 TCFD報告書  41氣 候 治 理
氣 候 策 略
氣 候 風 險 管 理
管 理 氣 候 影 響 力
氣 候 指 標 與 目 標
未 來 展 望
附 錄附錄  TCFD 核心要素對照表
治理描述董事會對氣候相關風險與機會的監督。1-2 氣候治理架構 - 董事會
1-2 氣候治理架構 - 功能性委員會
描述管理階層在評估和管理氣候相關風險與機會方面的角色。 1-2 氣候治理架構 -管理階層 (業務單位 )
策略描述組織鑑別的短、中、長期氣候相關風險與機會。3-1 氣候風險鑑別結果
4-1 氣候機會鑑別結果"
S-1-1,0.8141583240355805,"5-4投融資組合排放量
描述組織在管理氣候相關風險與機會所使用的目標，以及落實該目標的表現。 5    氣候指標與目標面向 一般行業指引 對應章節
策略 描述針對碳相關資產的信用暴險集中度。 5-3 碳資產暴險情形
風險管理考量揭露氣候相關風險與傳統銀行業風險之連結性 (如信用風險、市場風險、流動性風險和
作業風險 )。3-1 氣候風險鑑別結果
3-2 將氣候相關風險納入標準風險評估框架
指標和目標提供評估短、中、長期之氣候相關風險 (轉型與實體風險 )對其融資與其他金融中介業務影響
之指標。5    氣候指標與目標
揭露融資與其他金融中介活動之溫室氣體排放。5-1 溫室氣體排放管理"
S-1-1,0.8127206194471694,"指標和目標提供評估短、中、長期之氣候相關風險 (轉型與實體風險 )對其融資與其他金融中介業務影響
之指標。5    氣候指標與目標
揭露融資與其他金融中介活動之溫室氣體排放。5-1 溫室氣體排放管理
5-4 投融資組合排放量面向 銀行業附加指引 對應章節"
S-1-2,0.851694649374094,"氣候相關財務揭露工作小組每年定期執行氣候風險與機會辨識流程，執行氣
候風險與機會質化 /量化分析，並依據評估結果針對各項風險與機會研擬因應
策略，每月進行監控與報告，提報風險管理委員會及董事會。
時間區間 短期 中期 長期
年度1年以內 
（2022年）1 至 7 年 
（2023-2029 年）7年以上
（2030年~）影響程度 定義
不相關 無財務影響或效益
輕度 財務影響或效益低於新臺幣 5,000萬元
中度 財務影響或效益介於新臺幣 5,000萬元 ~1億元
高度 財務影響或效益超過新臺幣 1億元
圖 3   氣候風險與機會辨識流程STEP
1STEP
4
STEP
2STEP
5"
S-1-2,0.8379261169025551,"前 言
關 於 本 報 告 書
02  前言氣候相關財務資訊揭露的核心要素本報告書以彰化銀行的營運活動作為本次揭露邊界。營運邊界
本報告書報告範疇為西元 (下同 )2021年1月1日至 2021年12月31日。報告範疇
本報告書依循國際金融穩定委員會 (Financial Stability Board, FSB) 之「氣候相關財務揭露建議」(Recommendations of the Task Force on Climate-related Financial Disclosures, 以"
S-1-2,0.8325125544088612,"表8   本年度重大氣候風險影響程度及因應措施
排序 風險事件 時間範圍 影響範圍 傳統風險 營運影響 財務影響 因應作為
1碳排放管制 中期 融資業務 信用風險• 部分客戶成為環保署排碳管
制名單，未來徵收碳費，將
衝擊客戶營收，對銀行產生
信用風險3-4、2
辨別轉型風險對信用風險之
影響3-4
投融資風險管理
2天災影響公司
營運中期 自身營運 作業風險• 營運據點資產損失
• 營運據點營運中斷
• 同仁上下班可能受傷3-3、1
辨別實體風險對作業風險之
影響3-3
營運風險管理
3投/融資對象資產
受損中期融資業務
投資業務信用風險
市場風險• 擔保品所在區域房價下跌，"
S-1-2,0.8243811102420937,"中度 財務影響或效益介於新臺幣 5,000萬元 ~1億元
高度 財務影響或效益超過新臺幣 1億元
圖 3   氣候風險與機會辨識流程STEP
1STEP
4
STEP
2STEP
5
STEP
3STEP
6
表3   氣候風險與機會 - 時間範圍表4   氣候風險與機會 - 財務影響程度
STEP 1
氣候相關
議題蒐集STEP 3
評估氣候相關風險
與機會影響程度
STEP 4
評估風險與
機會之重大性STEP 5
擬訂合適的
因應措施註2：主要劃分為兩大類：與氣候變遷相關的「實體風險」及與低碳經濟相關的「轉型風險」，實體"
S-1-2,0.8242593163866094,"2022氣候相關財務揭露 TCFD報告書  09氣 候 治 理
氣 候 策 略
氣 候 風 險 管 理
管 理 氣 候 影 響 力
氣 候 指 標 與 目 標
未 來 展 望
附 錄STEP 6
氣候風險與
機會辨識流程整合為因應氣候變遷相關的風險與機會，彰化銀行積極進行低碳轉型，將氣候變遷納入日常
運營及長期策略之中。考量氣候風險類型2、時間區間、影響程度、發生可能性、金融
業既有風險之關聯性及各項業務性質，藉此確立氣候風險辨識流程，以確實掌握彰化銀
行受氣候風險之影響，並進一步採取「減緩」與「調適」兩大氣候行動積極因應。2-2氣候議題鑑別及評估流程
氣候相關議題蒐集"
S-1-2,0.8239819084242098,"策略描述組織鑑別的短、中、長期氣候相關風險與機會。3-1 氣候風險鑑別結果
4-1 氣候機會鑑別結果
描述衝擊組織在業務、策略和財務規劃的氣候相關風險與機會。3-1 氣候風險鑑別結果
4-1氣候機會鑑別結果
描述組織在策略上的韌性，並考量不同氣候相關情境（包括 2˚C或更嚴苛的情境）。 2-3 以情境分析評估策略韌性
風險管理描述組織在氣候相關風險的鑑別和評估流程。 2-2氣候議題鑑別及評估流程
描述組織在氣候相關風險的管理流程。3-3 營運風險管理
3-4 投融資風險管理
描述氣候相關風險的鑑別、評估和管理流程如何整合在組織的整體風險管理制度。 3-2 將氣候相關風險納入標準風險評估框架"
S-1-2,0.8236002028961718,"2022氣候相關財務揭露 TCFD報告書  11氣 候 治 理
氣 候 策 略
氣 候 風 險 管 理
管 理 氣 候 影 響 力
氣 候 指 標 與 目 標
未 來 展 望
附 錄
彰化銀行遵循 TCFD架構，考量面向包含  TCFD 所建議之氣候風險與機會分類，包含立即性及長期性之實體風險與政策和法規、技術、市場、聲譽之轉型風險，本年度共蒐集 12項氣
候相關風險議題，並透過各單位主管針對各項氣候變遷風險所判斷的「風險發生可能性」和「影響程度」相乘，作為風險重大性之排序依據，最後針對風險排序前三大項目，評估對彰
化銀行營運之影響，並研擬因應措施。3-1氣候風險鑑別結果氣候風險管理3"
S-1-2,0.8223942551197296,"12  氣候風險管理氣 候 治 理
氣 候 策 略
氣 候 風 險 管 理
管 理 氣 候 影 響 力
氣 候 指 標 與 目 標
未 來 展 望
附 錄圖4   2021 年度氣候相關風險矩陣 表7   氣候風險鑑別議題
影響程度2.700 2.802.903.003.103.203.303.403.501.801.902.002.102.202.302.402.502.60
發生可能性類型 風險因子 風險事件 說明
實體立即性天災影響公司
營運在氣候變遷下，颱風和豪雨都越加
嚴重與頻繁，將可能使彰化銀行之
營運據點面臨天然災害，增加建築
設備維護成本，甚至造成營運中斷
或人員傷亡。"
S-1-2,0.8195645553483053,"2022氣候相關財務揭露 TCFD報告書  41氣 候 治 理
氣 候 策 略
氣 候 風 險 管 理
管 理 氣 候 影 響 力
氣 候 指 標 與 目 標
未 來 展 望
附 錄附錄  TCFD 核心要素對照表
治理描述董事會對氣候相關風險與機會的監督。1-2 氣候治理架構 - 董事會
1-2 氣候治理架構 - 功能性委員會
描述管理階層在評估和管理氣候相關風險與機會方面的角色。 1-2 氣候治理架構 -管理階層 (業務單位 )
策略描述組織鑑別的短、中、長期氣候相關風險與機會。3-1 氣候風險鑑別結果
4-1 氣候機會鑑別結果"
S-1-2,0.8190988984017841,"2022氣候相關財務揭露 TCFD報告書  15氣 候 治 理
氣 候 策 略
氣 候 風 險 管 理
管 理 氣 候 影 響 力
氣 候 指 標 與 目 標
未 來 展 望
附 錄我們透過情境分析及壓力測試進一步盤點氣候風險對彰化銀行傳統風險造成之潛在衝
擊，詳細分析結果請見本報告章節，實體風險請詳「 3-3、 1辨別實體風險對作業風險之
影響」及「 3-4、 3 辨別實體風險對信用風險之影響」；轉型風險請詳「 3-4、 2辨別轉
型風險對信用風險之影響」。信用風險係指借款人或交易對手因本身財務結構惡化或其他主、客觀因
素之影響，未能履行其契約義務而造成損失的風險，包括國家"
S-1-3,0.8036663240573381,"前 言
關 於 本 報 告 書
02  前言氣候相關財務資訊揭露的核心要素本報告書以彰化銀行的營運活動作為本次揭露邊界。營運邊界
本報告書報告範疇為西元 (下同 )2021年1月1日至 2021年12月31日。報告範疇
本報告書依循國際金融穩定委員會 (Financial Stability Board, FSB) 之「氣候相關財務揭露建議」(Recommendations of the Task Force on Climate-related Financial Disclosures, 以"
 #S-1-5,0.8436863031639816,"5-4投融資組合排放量
描述組織在管理氣候相關風險與機會所使用的目標，以及落實該目標的表現。 5    氣候指標與目標面向 一般行業指引 對應章節
策略 描述針對碳相關資產的信用暴險集中度。 5-3 碳資產暴險情形
風險管理考量揭露氣候相關風險與傳統銀行業風險之連結性 (如信用風險、市場風險、流動性風險和
作業風險 )。3-1 氣候風險鑑別結果
3-2 將氣候相關風險納入標準風險評估框架
指標和目標提供評估短、中、長期之氣候相關風險 (轉型與實體風險 )對其融資與其他金融中介業務影響
之指標。5    氣候指標與目標
揭露融資與其他金融中介活動之溫室氣體排放。5-1 溫室氣體排放管理"
 #S-1-5,0.8318056042453637,"前 言
關 於 本 報 告 書
02  前言氣候相關財務資訊揭露的核心要素本報告書以彰化銀行的營運活動作為本次揭露邊界。營運邊界
本報告書報告範疇為西元 (下同 )2021年1月1日至 2021年12月31日。報告範疇
本報告書依循國際金融穩定委員會 (Financial Stability Board, FSB) 之「氣候相關財務揭露建議」(Recommendations of the Task Force on Climate-related Financial Disclosures, 以"
 #S-1-5,0.8316915759467175,"2022氣候相關財務揭露 TCFD報告書  15氣 候 治 理
氣 候 策 略
氣 候 風 險 管 理
管 理 氣 候 影 響 力
氣 候 指 標 與 目 標
未 來 展 望
附 錄我們透過情境分析及壓力測試進一步盤點氣候風險對彰化銀行傳統風險造成之潛在衝
擊，詳細分析結果請見本報告章節，實體風險請詳「 3-3、 1辨別實體風險對作業風險之
影響」及「 3-4、 3 辨別實體風險對信用風險之影響」；轉型風險請詳「 3-4、 2辨別轉
型風險對信用風險之影響」。信用風險係指借款人或交易對手因本身財務結構惡化或其他主、客觀因
素之影響，未能履行其契約義務而造成損失的風險，包括國家"
 #S-1-5,0.8293781670420909,"需揭露碳排放資訊，並鼓勵其參與倡議組織。5. 投融資組合減碳規劃
彰化銀行藉由對高氣候風險對象進行額外氣候風險監測及碳費情境模擬，以及盤點投融
資部位碳資產暴險情形與彰化銀行投融資組合碳排放量等方式來執行投融資組合的氣候
風險管理；而 2022年，我們已完成簽署科學基礎減量目標倡議 (SBTi)，承諾將於兩年
內提交彰化銀行之溫室氣體排放減量目標。目前，相關單位正積極研擬針對彰化銀行重
點資產類別設定相應減量目標，未來並將依該目標建立具體減碳執行方針，以跟進國際
趨勢、響應巴黎協定減碳目標。圖10   授信流程氣候風險監測流程圖
授信戶為環保署管制名單或"
 #S-1-5,0.8238381218560158,"2022氣候相關財務揭露 TCFD報告書  09氣 候 治 理
氣 候 策 略
氣 候 風 險 管 理
管 理 氣 候 影 響 力
氣 候 指 標 與 目 標
未 來 展 望
附 錄STEP 6
氣候風險與
機會辨識流程整合為因應氣候變遷相關的風險與機會，彰化銀行積極進行低碳轉型，將氣候變遷納入日常
運營及長期策略之中。考量氣候風險類型2、時間區間、影響程度、發生可能性、金融
業既有風險之關聯性及各項業務性質，藉此確立氣候風險辨識流程，以確實掌握彰化銀
行受氣候風險之影響，並進一步採取「減緩」與「調適」兩大氣候行動積極因應。2-2氣候議題鑑別及評估流程
氣候相關議題蒐集"
 #S-1-5,0.8238352769437414,"2022氣候相關財務揭露 TCFD報告書  21氣 候 治 理
氣 候 策 略
氣 候 風 險 管 理
管 理 氣 候 影 響 力
氣 候 指 標 與 目 標
未 來 展 望
附 錄
氣候變遷不僅帶來風險，同時伴隨相關商機，彰化銀行持續增加永續發展債券之投資，並支持政府推動綠能產業政策，推出「太陽光電設備設置專案貸款」等多項綠色貸款，擴大彰化
銀行業務範圍，並推動各類網路服務與交易電子化，如下表所示：4-1氣候機會鑑別結果管理氣候影響力4
4-1 氣候機會鑑別結果          21 
4-2 綠色營運                      23"
 #S-1-5,0.8235906389343481,"SBTi)的承諾，致力使彰化銀行的業務發展策略與《巴黎協定》欲達成的目標保持一致 (全球升溫幅度控制在 1.5°C)，未來將逐步規劃營運及投融資活動之減碳目標。氣候指標與目標5
5-1 溫室氣體排放管理         32  
5-2 能資源與水資源管理     33
5-3 碳資產暴險情形            35
5-4 投融資組合排放量         37"
 #S-1-5,0.8220927997857554,"視標準，將氣候相關因子納入投融資
流程管理，規劃與未掌握氣候風險管
理之高碳排放企業進行議合，協助其
適應低碳轉型。3-4 投融資風險管理
低碳營運2022年簽署科學基礎減碳目標倡議  
(SBTi)的承諾，致力使彰化銀行日常
營運活動與《巴黎協定》欲達成的
目標保持一致  (全球升溫幅度控制在  
1.5°C)，積極檢視彰化銀行之減碳
策略。4-2  綠色營運
低碳投融資2022年簽署科學基礎減碳目標倡議  
(SBTi)的承諾，致力使彰化銀行的業
務發展策略與 SBTi要求一致  (全球
升溫幅度控制在  2°C)，積極檢視投
融資組合及標的之減碳策略。4-3 綠色投融資"
 #S-1-5,0.820955804253477,"2022氣候相關財務揭露 TCFD報告書  11氣 候 治 理
氣 候 策 略
氣 候 風 險 管 理
管 理 氣 候 影 響 力
氣 候 指 標 與 目 標
未 來 展 望
附 錄
彰化銀行遵循 TCFD架構，考量面向包含  TCFD 所建議之氣候風險與機會分類，包含立即性及長期性之實體風險與政策和法規、技術、市場、聲譽之轉型風險，本年度共蒐集 12項氣
候相關風險議題，並透過各單位主管針對各項氣候變遷風險所判斷的「風險發生可能性」和「影響程度」相乘，作為風險重大性之排序依據，最後針對風險排序前三大項目，評估對彰
化銀行營運之影響，並研擬因應措施。3-1氣候風險鑑別結果氣候風險管理3"
 #S-1-5,0.8209189862633879,"對作業風險之影響」及「 3-4、 3辨別實體風險
對信用風險之影響」。• 彰化銀行訂有「彰化銀行業務永續運作計畫」 (BCP)以因
應全行各單位於發生「營運中斷事故」時能維持業務之正
常運作、維護客戶權益並使人員、財務之損害減至最小。
• 依據不動產擔保品分析結果，彰化銀行未來擬將針對位於
中高風險實體區域者列入觀察名單，並與授信戶瞭解有
無防洪準備，作為其韌性提升而能抵減淹水所帶來影響。
為防範此潛在風險，後續會將所在區域淹水潛勢納入鑑
價考量項目之一。
投融資組合
碳排放根據 PCAF方法學盤點
投融資組合碳排放量"
S-2-1,0.8333678193322684,"業及 SASB揭露與氣候風險相關之高碳排產業 (農林漁牧業、礦業及土石採取業、電力
及燃氣供應業、運輸及倉儲業 )之暴險情形，以持續監控氣候風險之暴險狀況，檢視限
額運作之有效性。
另，使用氣候情境分析，從未來一系列可能出現的狀況，有效地識別及評估氣候相關風
險對業務表現的潛在影響，並依據分析結果，有效掌握並制定靈活穩健的因應策略，檢
視銀行在不同氣候情境下之因應策略是否具有韌性。風險管理委員會"
S-2-1,0.8303038593493599,"氣候相關財務揭露工作小組每年定期執行氣候風險與機會辨識流程，執行氣
候風險與機會質化 /量化分析，並依據評估結果針對各項風險與機會研擬因應
策略，每月進行監控與報告，提報風險管理委員會及董事會。
時間區間 短期 中期 長期
年度1年以內 
（2022年）1 至 7 年 
（2023-2029 年）7年以上
（2030年~）影響程度 定義
不相關 無財務影響或效益
輕度 財務影響或效益低於新臺幣 5,000萬元
中度 財務影響或效益介於新臺幣 5,000萬元 ~1億元
高度 財務影響或效益超過新臺幣 1億元
圖 3   氣候風險與機會辨識流程STEP
1STEP
4
STEP
2STEP
5"
S-2-1,0.8299065726185841,"業既有風險之關聯性及各項業務性質，藉此確立氣候風險辨識流程，以確實掌握彰化銀
行受氣候風險之影響，並進一步採取「減緩」與「調適」兩大氣候行動積極因應。2-2氣候議題鑑別及評估流程
氣候相關議題蒐集
彰化銀行之氣候相關財務揭露工作小組依循 TCFD架構指引，定期蒐研國際
氣候相關研究報告、國內外政府氣候相關規章，並參酌國內外金融同業之氣
候相關風險與機會評估報告，作為氣候相關議題資料庫之基礎。
辨識影響商業策略與目標的氣候相關風險與機會
訪談各業務單位，依其業務性質逐一研討氣候相關議題對彰化銀行之影響，
將外部觀點內化成為符合金融業特性的內部議題，並重新調整各項議題之論"
S-2-1,0.8288103752356643,"辨識影響商業策略與目標的氣候相關風險與機會
訪談各業務單位，依其業務性質逐一研討氣候相關議題對彰化銀行之影響，
將外部觀點內化成為符合金融業特性的內部議題，並重新調整各項議題之論
述，使其更貼近彰化銀行的業務發展策略。
評估氣候相關風險與機會影響程度
由各單位依業務特性評估各項風險與機會的影響程度、發生可能性、發生可
能時點及影響時間範圍，並彙整各單位填答，依據填答結果，繪製氣候風險
機會矩陣。評估風險與機會之重大性
以「影響程度」及「發生可能性」兩個衡量維度計算氣候風險或機會指數，
考量成本效益及資料可取得性，據此排序氣候風險和機會之重大性。
擬訂合適的因應措施"
S-2-1,0.8281720190681183,"2022氣候相關財務揭露 TCFD報告書  09氣 候 治 理
氣 候 策 略
氣 候 風 險 管 理
管 理 氣 候 影 響 力
氣 候 指 標 與 目 標
未 來 展 望
附 錄STEP 6
氣候風險與
機會辨識流程整合為因應氣候變遷相關的風險與機會，彰化銀行積極進行低碳轉型，將氣候變遷納入日常
運營及長期策略之中。考量氣候風險類型2、時間區間、影響程度、發生可能性、金融
業既有風險之關聯性及各項業務性質，藉此確立氣候風險辨識流程，以確實掌握彰化銀
行受氣候風險之影響，並進一步採取「減緩」與「調適」兩大氣候行動積極因應。2-2氣候議題鑑別及評估流程
氣候相關議題蒐集"
S-2-1,0.8255465865072534,"2022氣候相關財務揭露 TCFD報告書  21氣 候 治 理
氣 候 策 略
氣 候 風 險 管 理
管 理 氣 候 影 響 力
氣 候 指 標 與 目 標
未 來 展 望
附 錄
氣候變遷不僅帶來風險，同時伴隨相關商機，彰化銀行持續增加永續發展債券之投資，並支持政府推動綠能產業政策，推出「太陽光電設備設置專案貸款」等多項綠色貸款，擴大彰化
銀行業務範圍，並推動各類網路服務與交易電子化，如下表所示：4-1氣候機會鑑別結果管理氣候影響力4
4-1 氣候機會鑑別結果          21 
4-2 綠色營運                      23"
S-2-1,0.8198120331383197,"策略描述組織鑑別的短、中、長期氣候相關風險與機會。3-1 氣候風險鑑別結果
4-1 氣候機會鑑別結果
描述衝擊組織在業務、策略和財務規劃的氣候相關風險與機會。3-1 氣候風險鑑別結果
4-1氣候機會鑑別結果
描述組織在策略上的韌性，並考量不同氣候相關情境（包括 2˚C或更嚴苛的情境）。 2-3 以情境分析評估策略韌性
風險管理描述組織在氣候相關風險的鑑別和評估流程。 2-2氣候議題鑑別及評估流程
描述組織在氣候相關風險的管理流程。3-3 營運風險管理
3-4 投融資風險管理
描述氣候相關風險的鑑別、評估和管理流程如何整合在組織的整體風險管理制度。 3-2 將氣候相關風險納入標準風險評估框架"
S-2-1,0.8189565263475143,"表8   本年度重大氣候風險影響程度及因應措施
排序 風險事件 時間範圍 影響範圍 傳統風險 營運影響 財務影響 因應作為
1碳排放管制 中期 融資業務 信用風險• 部分客戶成為環保署排碳管
制名單，未來徵收碳費，將
衝擊客戶營收，對銀行產生
信用風險3-4、2
辨別轉型風險對信用風險之
影響3-4
投融資風險管理
2天災影響公司
營運中期 自身營運 作業風險• 營運據點資產損失
• 營運據點營運中斷
• 同仁上下班可能受傷3-3、1
辨別實體風險對作業風險之
影響3-3
營運風險管理
3投/融資對象資產
受損中期融資業務
投資業務信用風險
市場風險• 擔保品所在區域房價下跌，"
S-2-1,0.818818073950156,"Contents   
目錄
2022 
氣候相關財務揭露 
TCFD報告書前言 關於本報告書
02 | 營運邊界
02 | 報告範疇
02 | 宣告製作依據氣候相關財務揭露
附錄
41 | TCFD 核心要素對照表
42 | TCFD 符合性查核聲明書1 氣候治理
03 | 1-1 氣候治理進程
04 | 1-2氣候治理架構4 管理氣候影響力
21 | 4-1 氣候機會鑑別結果
23 | 4-2 綠色營運
25 | 4-3 綠色投融資
5 氣候指標與目標
32 | 5-1 溫室氣體排放管理
33 | 5-2 能資源與水資源管理
35 | 5-3 碳資產暴險情形"
S-2-1,0.8187220918693922,"2022氣候相關財務揭露 TCFD報告書  23氣 候 治 理
氣 候 策 略
氣 候 風 險 管 理
管 理 氣 候 影 響 力
氣 候 指 標 與 目 標
未 來 展 望
附 錄本次問卷結果，我們共鑑別出三大氣候變遷機會項目，其機會事件及影響說明如下表：
1. 降低溫室氣體排放量
彰化銀行執行各項資源節約、節能措施及溫室氣體排放減量策略等環境政策，並自發性導入各項國際管理系統，如環境管理系統 (ISO 14001)、能源管理系統 (ISO 50001)、水資源效率"
S-2-2,0.8471976543949664,"氣候相關財務揭露工作小組每年定期執行氣候風險與機會辨識流程，執行氣
候風險與機會質化 /量化分析，並依據評估結果針對各項風險與機會研擬因應
策略，每月進行監控與報告，提報風險管理委員會及董事會。
時間區間 短期 中期 長期
年度1年以內 
（2022年）1 至 7 年 
（2023-2029 年）7年以上
（2030年~）影響程度 定義
不相關 無財務影響或效益
輕度 財務影響或效益低於新臺幣 5,000萬元
中度 財務影響或效益介於新臺幣 5,000萬元 ~1億元
高度 財務影響或效益超過新臺幣 1億元
圖 3   氣候風險與機會辨識流程STEP
1STEP
4
STEP
2STEP
5"
S-2-2,0.8408631937980217,"2022氣候相關財務揭露 TCFD報告書  09氣 候 治 理
氣 候 策 略
氣 候 風 險 管 理
管 理 氣 候 影 響 力
氣 候 指 標 與 目 標
未 來 展 望
附 錄STEP 6
氣候風險與
機會辨識流程整合為因應氣候變遷相關的風險與機會，彰化銀行積極進行低碳轉型，將氣候變遷納入日常
運營及長期策略之中。考量氣候風險類型2、時間區間、影響程度、發生可能性、金融
業既有風險之關聯性及各項業務性質，藉此確立氣候風險辨識流程，以確實掌握彰化銀
行受氣候風險之影響，並進一步採取「減緩」與「調適」兩大氣候行動積極因應。2-2氣候議題鑑別及評估流程
氣候相關議題蒐集"
S-2-2,0.8353865480088191,"中度 財務影響或效益介於新臺幣 5,000萬元 ~1億元
高度 財務影響或效益超過新臺幣 1億元
圖 3   氣候風險與機會辨識流程STEP
1STEP
4
STEP
2STEP
5
STEP
3STEP
6
表3   氣候風險與機會 - 時間範圍表4   氣候風險與機會 - 財務影響程度
STEP 1
氣候相關
議題蒐集STEP 3
評估氣候相關風險
與機會影響程度
STEP 4
評估風險與
機會之重大性STEP 5
擬訂合適的
因應措施註2：主要劃分為兩大類：與氣候變遷相關的「實體風險」及與低碳經濟相關的「轉型風險」，實體"
S-2-2,0.8352469365731268,"2022氣候相關財務揭露 TCFD報告書  21氣 候 治 理
氣 候 策 略
氣 候 風 險 管 理
管 理 氣 候 影 響 力
氣 候 指 標 與 目 標
未 來 展 望
附 錄
氣候變遷不僅帶來風險，同時伴隨相關商機，彰化銀行持續增加永續發展債券之投資，並支持政府推動綠能產業政策，推出「太陽光電設備設置專案貸款」等多項綠色貸款，擴大彰化
銀行業務範圍，並推動各類網路服務與交易電子化，如下表所示：4-1氣候機會鑑別結果管理氣候影響力4
4-1 氣候機會鑑別結果          21 
4-2 綠色營運                      23"
S-2-2,0.8324717773329269,"表8   本年度重大氣候風險影響程度及因應措施
排序 風險事件 時間範圍 影響範圍 傳統風險 營運影響 財務影響 因應作為
1碳排放管制 中期 融資業務 信用風險• 部分客戶成為環保署排碳管
制名單，未來徵收碳費，將
衝擊客戶營收，對銀行產生
信用風險3-4、2
辨別轉型風險對信用風險之
影響3-4
投融資風險管理
2天災影響公司
營運中期 自身營運 作業風險• 營運據點資產損失
• 營運據點營運中斷
• 同仁上下班可能受傷3-3、1
辨別實體風險對作業風險之
影響3-3
營運風險管理
3投/融資對象資產
受損中期融資業務
投資業務信用風險
市場風險• 擔保品所在區域房價下跌，"
S-2-2,0.8318618176045651,"12  氣候風險管理氣 候 治 理
氣 候 策 略
氣 候 風 險 管 理
管 理 氣 候 影 響 力
氣 候 指 標 與 目 標
未 來 展 望
附 錄圖4   2021 年度氣候相關風險矩陣 表7   氣候風險鑑別議題
影響程度2.700 2.802.903.003.103.203.303.403.501.801.902.002.102.202.302.402.502.60
發生可能性類型 風險因子 風險事件 說明
實體立即性天災影響公司
營運在氣候變遷下，颱風和豪雨都越加
嚴重與頻繁，將可能使彰化銀行之
營運據點面臨天然災害，增加建築
設備維護成本，甚至造成營運中斷
或人員傷亡。"
S-2-2,0.8316258584731768,"化銀行營運之影響，並研擬因應措施。3-1氣候風險鑑別結果氣候風險管理3
3-1 氣候風險鑑別結果                                        11  
3-2 將氣候相關風險納入標準風險評估框架         14
3-3 營運風險管理                                               16
3-4 投融資風險管理                                           18"
S-2-2,0.8310727126966078,"評估氣候相關風險
與機會影響程度
STEP 4
評估風險與
機會之重大性STEP 5
擬訂合適的
因應措施註2：主要劃分為兩大類：與氣候變遷相關的「實體風險」及與低碳經濟相關的「轉型風險」，實體
風險依據氣候模式區分為立即性極端天氣事件或長期性氣候模式變化，轉型風險依據不同影
響因子再細分為政策和法規風險、技術創新風險、市場結構改變、聲譽風險等主要風險因子。
STEP 2
辨識影響商業策略與
目標的氣候相關風險與機會"
S-2-2,0.831018617216544,"業及 SASB揭露與氣候風險相關之高碳排產業 (農林漁牧業、礦業及土石採取業、電力
及燃氣供應業、運輸及倉儲業 )之暴險情形，以持續監控氣候風險之暴險狀況，檢視限
額運作之有效性。
另，使用氣候情境分析，從未來一系列可能出現的狀況，有效地識別及評估氣候相關風
險對業務表現的潛在影響，並依據分析結果，有效掌握並制定靈活穩健的因應策略，檢
視銀行在不同氣候情境下之因應策略是否具有韌性。風險管理委員會"
S-2-2,0.8296041425245048,"2022氣候相關財務揭露 TCFD報告書  23氣 候 治 理
氣 候 策 略
氣 候 風 險 管 理
管 理 氣 候 影 響 力
氣 候 指 標 與 目 標
未 來 展 望
附 錄本次問卷結果，我們共鑑別出三大氣候變遷機會項目，其機會事件及影響說明如下表：
1. 降低溫室氣體排放量
彰化銀行執行各項資源節約、節能措施及溫室氣體排放減量策略等環境政策，並自發性導入各項國際管理系統，如環境管理系統 (ISO 14001)、能源管理系統 (ISO 50001)、水資源效率"
S-2-3,0.8124924431179742,"氣候相關財務揭露工作小組每年定期執行氣候風險與機會辨識流程，執行氣
候風險與機會質化 /量化分析，並依據評估結果針對各項風險與機會研擬因應
策略，每月進行監控與報告，提報風險管理委員會及董事會。
時間區間 短期 中期 長期
年度1年以內 
（2022年）1 至 7 年 
（2023-2029 年）7年以上
（2030年~）影響程度 定義
不相關 無財務影響或效益
輕度 財務影響或效益低於新臺幣 5,000萬元
中度 財務影響或效益介於新臺幣 5,000萬元 ~1億元
高度 財務影響或效益超過新臺幣 1億元
圖 3   氣候風險與機會辨識流程STEP
1STEP
4
STEP
2STEP
5"
S-2-3,0.8078385248851285,"機會矩陣。評估風險與機會之重大性
以「影響程度」及「發生可能性」兩個衡量維度計算氣候風險或機會指數，
考量成本效益及資料可取得性，據此排序氣候風險和機會之重大性。
擬訂合適的因應措施
針對已辨識之重大氣候風險和機會，衡量衝擊路徑、衝擊時間與地域範疇、
影響價值鏈位置及財務衝擊，綜整現有因應措施及執行績效，研擬未來可採
行之「減緩」與「調適」氣候行動。
氣候風險與機會辨識流程整合
氣候相關財務揭露工作小組每年定期執行氣候風險與機會辨識流程，執行氣
候風險與機會質化 /量化分析，並依據評估結果針對各項風險與機會研擬因應
策略，每月進行監控與報告，提報風險管理委員會及董事會。"
S-2-3,0.8057760267063994,"12  氣候風險管理氣 候 治 理
氣 候 策 略
氣 候 風 險 管 理
管 理 氣 候 影 響 力
氣 候 指 標 與 目 標
未 來 展 望
附 錄圖4   2021 年度氣候相關風險矩陣 表7   氣候風險鑑別議題
影響程度2.700 2.802.903.003.103.203.303.403.501.801.902.002.102.202.302.402.502.60
發生可能性類型 風險因子 風險事件 說明
實體立即性天災影響公司
營運在氣候變遷下，颱風和豪雨都越加
嚴重與頻繁，將可能使彰化銀行之
營運據點面臨天然災害，增加建築
設備維護成本，甚至造成營運中斷
或人員傷亡。"
S-2-3,0.8005796996066428,"中度 財務影響或效益介於新臺幣 5,000萬元 ~1億元
高度 財務影響或效益超過新臺幣 1億元
圖 3   氣候風險與機會辨識流程STEP
1STEP
4
STEP
2STEP
5
STEP
3STEP
6
表3   氣候風險與機會 - 時間範圍表4   氣候風險與機會 - 財務影響程度
STEP 1
氣候相關
議題蒐集STEP 3
評估氣候相關風險
與機會影響程度
STEP 4
評估風險與
機會之重大性STEP 5
擬訂合適的
因應措施註2：主要劃分為兩大類：與氣候變遷相關的「實體風險」及與低碳經濟相關的「轉型風險」，實體"
S-2-3,0.8004948158537418,"表8   本年度重大氣候風險影響程度及因應措施
排序 風險事件 時間範圍 影響範圍 傳統風險 營運影響 財務影響 因應作為
1碳排放管制 中期 融資業務 信用風險• 部分客戶成為環保署排碳管
制名單，未來徵收碳費，將
衝擊客戶營收，對銀行產生
信用風險3-4、2
辨別轉型風險對信用風險之
影響3-4
投融資風險管理
2天災影響公司
營運中期 自身營運 作業風險• 營運據點資產損失
• 營運據點營運中斷
• 同仁上下班可能受傷3-3、1
辨別實體風險對作業風險之
影響3-3
營運風險管理
3投/融資對象資產
受損中期融資業務
投資業務信用風險
市場風險• 擔保品所在區域房價下跌，"
S-2-4,0.838547224472348,"氣候相關財務揭露工作小組每年定期執行氣候風險與機會辨識流程，執行氣
候風險與機會質化 /量化分析，並依據評估結果針對各項風險與機會研擬因應
策略，每月進行監控與報告，提報風險管理委員會及董事會。
時間區間 短期 中期 長期
年度1年以內 
（2022年）1 至 7 年 
（2023-2029 年）7年以上
（2030年~）影響程度 定義
不相關 無財務影響或效益
輕度 財務影響或效益低於新臺幣 5,000萬元
中度 財務影響或效益介於新臺幣 5,000萬元 ~1億元
高度 財務影響或效益超過新臺幣 1億元
圖 3   氣候風險與機會辨識流程STEP
1STEP
4
STEP
2STEP
5"
S-2-4,0.8347896116566471,"前 言
關 於 本 報 告 書
02  前言氣候相關財務資訊揭露的核心要素本報告書以彰化銀行的營運活動作為本次揭露邊界。營運邊界
本報告書報告範疇為西元 (下同 )2021年1月1日至 2021年12月31日。報告範疇
本報告書依循國際金融穩定委員會 (Financial Stability Board, FSB) 之「氣候相關財務揭露建議」(Recommendations of the Task Force on Climate-related Financial Disclosures, 以"
S-2-4,0.831948840310028,"Contents   
目錄
2022 
氣候相關財務揭露 
TCFD報告書前言 關於本報告書
02 | 營運邊界
02 | 報告範疇
02 | 宣告製作依據氣候相關財務揭露
附錄
41 | TCFD 核心要素對照表
42 | TCFD 符合性查核聲明書1 氣候治理
03 | 1-1 氣候治理進程
04 | 1-2氣候治理架構4 管理氣候影響力
21 | 4-1 氣候機會鑑別結果
23 | 4-2 綠色營運
25 | 4-3 綠色投融資
5 氣候指標與目標
32 | 5-1 溫室氣體排放管理
33 | 5-2 能資源與水資源管理
35 | 5-3 碳資產暴險情形"
S-2-4,0.831805793906182,"2022氣候相關財務揭露 TCFD報告書  09氣 候 治 理
氣 候 策 略
氣 候 風 險 管 理
管 理 氣 候 影 響 力
氣 候 指 標 與 目 標
未 來 展 望
附 錄STEP 6
氣候風險與
機會辨識流程整合為因應氣候變遷相關的風險與機會，彰化銀行積極進行低碳轉型，將氣候變遷納入日常
運營及長期策略之中。考量氣候風險類型2、時間區間、影響程度、發生可能性、金融
業既有風險之關聯性及各項業務性質，藉此確立氣候風險辨識流程，以確實掌握彰化銀
行受氣候風險之影響，並進一步採取「減緩」與「調適」兩大氣候行動積極因應。2-2氣候議題鑑別及評估流程
氣候相關議題蒐集"
S-2-4,0.8286341803354644,"2022氣候相關財務揭露 TCFD報告書  15氣 候 治 理
氣 候 策 略
氣 候 風 險 管 理
管 理 氣 候 影 響 力
氣 候 指 標 與 目 標
未 來 展 望
附 錄我們透過情境分析及壓力測試進一步盤點氣候風險對彰化銀行傳統風險造成之潛在衝
擊，詳細分析結果請見本報告章節，實體風險請詳「 3-3、 1辨別實體風險對作業風險之
影響」及「 3-4、 3 辨別實體風險對信用風險之影響」；轉型風險請詳「 3-4、 2辨別轉
型風險對信用風險之影響」。信用風險係指借款人或交易對手因本身財務結構惡化或其他主、客觀因
素之影響，未能履行其契約義務而造成損失的風險，包括國家"
S-2-4,0.82838120441399,"中度 財務影響或效益介於新臺幣 5,000萬元 ~1億元
高度 財務影響或效益超過新臺幣 1億元
圖 3   氣候風險與機會辨識流程STEP
1STEP
4
STEP
2STEP
5
STEP
3STEP
6
表3   氣候風險與機會 - 時間範圍表4   氣候風險與機會 - 財務影響程度
STEP 1
氣候相關
議題蒐集STEP 3
評估氣候相關風險
與機會影響程度
STEP 4
評估風險與
機會之重大性STEP 5
擬訂合適的
因應措施註2：主要劃分為兩大類：與氣候變遷相關的「實體風險」及與低碳經濟相關的「轉型風險」，實體"
S-2-4,0.8282394645624478,"2022氣候相關財務揭露 TCFD報告書  21氣 候 治 理
氣 候 策 略
氣 候 風 險 管 理
管 理 氣 候 影 響 力
氣 候 指 標 與 目 標
未 來 展 望
附 錄
氣候變遷不僅帶來風險，同時伴隨相關商機，彰化銀行持續增加永續發展債券之投資，並支持政府推動綠能產業政策，推出「太陽光電設備設置專案貸款」等多項綠色貸款，擴大彰化
銀行業務範圍，並推動各類網路服務與交易電子化，如下表所示：4-1氣候機會鑑別結果管理氣候影響力4
4-1 氣候機會鑑別結果          21 
4-2 綠色營運                      23"
S-2-4,0.8278315462891351,"表8   本年度重大氣候風險影響程度及因應措施
排序 風險事件 時間範圍 影響範圍 傳統風險 營運影響 財務影響 因應作為
1碳排放管制 中期 融資業務 信用風險• 部分客戶成為環保署排碳管
制名單，未來徵收碳費，將
衝擊客戶營收，對銀行產生
信用風險3-4、2
辨別轉型風險對信用風險之
影響3-4
投融資風險管理
2天災影響公司
營運中期 自身營運 作業風險• 營運據點資產損失
• 營運據點營運中斷
• 同仁上下班可能受傷3-3、1
辨別實體風險對作業風險之
影響3-3
營運風險管理
3投/融資對象資產
受損中期融資業務
投資業務信用風險
市場風險• 擔保品所在區域房價下跌，"
S-2-4,0.8270387841847155,"2022氣候相關財務揭露 TCFD報告書  41氣 候 治 理
氣 候 策 略
氣 候 風 險 管 理
管 理 氣 候 影 響 力
氣 候 指 標 與 目 標
未 來 展 望
附 錄附錄  TCFD 核心要素對照表
治理描述董事會對氣候相關風險與機會的監督。1-2 氣候治理架構 - 董事會
1-2 氣候治理架構 - 功能性委員會
描述管理階層在評估和管理氣候相關風險與機會方面的角色。 1-2 氣候治理架構 -管理階層 (業務單位 )
策略描述組織鑑別的短、中、長期氣候相關風險與機會。3-1 氣候風險鑑別結果
4-1 氣候機會鑑別結果"
S-2-4,0.8233595970747353,"2022氣候相關財務揭露 TCFD報告書  11氣 候 治 理
氣 候 策 略
氣 候 風 險 管 理
管 理 氣 候 影 響 力
氣 候 指 標 與 目 標
未 來 展 望
附 錄
彰化銀行遵循 TCFD架構，考量面向包含  TCFD 所建議之氣候風險與機會分類，包含立即性及長期性之實體風險與政策和法規、技術、市場、聲譽之轉型風險，本年度共蒐集 12項氣
候相關風險議題，並透過各單位主管針對各項氣候變遷風險所判斷的「風險發生可能性」和「影響程度」相乘，作為風險重大性之排序依據，最後針對風險排序前三大項目，評估對彰
化銀行營運之影響，並研擬因應措施。3-1氣候風險鑑別結果氣候風險管理3"
S-2-5,0.809387189760237,"前 言
關 於 本 報 告 書
2022氣候相關財務揭露 TCFD報告書  01近年來全球面臨極端氣候的嚴峻考驗，熱浪、水患頻襲、糧食短缺、能源危機等，據聯合國氣候變遷專門委員會公布最新氣候變遷評估報告，強調只要全球暖化升溫超過 1.5° C，對生態
或是人類系統的風險將大幅升高；而且升溫越多，人類將越無法調適。此等全球暖化氣候變遷問題可能演變為信用、市場、流動性及作業風險等系統性金融危機，面對氣候挑戰，從京都
議定書、巴黎協定至格拉斯哥協議，淨零趨勢已形成全球共識，在 2021年底第 26 屆聯合國氣候變遷會議中成立的「格拉斯哥淨零金融聯盟」，在會中宣示將於 2050年達成淨零排放目標。"
S-2-5,0.8088990660342081,"2022氣候相關財務揭露 TCFD報告書  09氣 候 治 理
氣 候 策 略
氣 候 風 險 管 理
管 理 氣 候 影 響 力
氣 候 指 標 與 目 標
未 來 展 望
附 錄STEP 6
氣候風險與
機會辨識流程整合為因應氣候變遷相關的風險與機會，彰化銀行積極進行低碳轉型，將氣候變遷納入日常
運營及長期策略之中。考量氣候風險類型2、時間區間、影響程度、發生可能性、金融
業既有風險之關聯性及各項業務性質，藉此確立氣候風險辨識流程，以確實掌握彰化銀
行受氣候風險之影響，並進一步採取「減緩」與「調適」兩大氣候行動積極因應。2-2氣候議題鑑別及評估流程
氣候相關議題蒐集"
S-2-5,0.8084914638622593,"08  氣候策略氣 候 治 理
氣 候 策 略
氣 候 風 險 管 理
管 理 氣 候 影 響 力
氣 候 指 標 與 目 標
未 來 展 望
附 錄以綠色金融為核心，透過資金挹注及金融商品與服務協助企業低碳轉型，並考量業務發
展、風險管理、自身營運等層面設置具體發展目標。2-1氣候策略
表2   低碳轉型發展策略
層面 發展目標 相關章節
氣候風險管理研擬投融資對象於氣候層面表現的檢
視標準，將氣候相關因子納入投融資
流程管理，規劃與未掌握氣候風險管
理之高碳排放企業進行議合，協助其
適應低碳轉型。3-4 投融資風險管理
低碳營運2022年簽署科學基礎減碳目標倡議"
S-2-5,0.8060074550515727,"Contents   
目錄
2022 
氣候相關財務揭露 
TCFD報告書前言 關於本報告書
02 | 營運邊界
02 | 報告範疇
02 | 宣告製作依據氣候相關財務揭露
附錄
41 | TCFD 核心要素對照表
42 | TCFD 符合性查核聲明書1 氣候治理
03 | 1-1 氣候治理進程
04 | 1-2氣候治理架構4 管理氣候影響力
21 | 4-1 氣候機會鑑別結果
23 | 4-2 綠色營運
25 | 4-3 綠色投融資
5 氣候指標與目標
32 | 5-1 溫室氣體排放管理
33 | 5-2 能資源與水資源管理
35 | 5-3 碳資產暴險情形"
S-2-5,0.8043570055373104,"10  氣候策略氣 候 治 理
氣 候 策 略
氣 候 風 險 管 理
管 理 氣 候 影 響 力
氣 候 指 標 與 目 標
未 來 展 望
附 錄彰化銀行依循 TCFD指引，使用氣候情境分析，從未來一系列可能出現的狀況，有效地
識別及評估氣候相關風險對業務表現的潛在影響，並依據分析結果，有效掌握並制定靈
活穩健的因應策略，加強彰化銀行應對氣候變遷之韌性。2-3以情境分析評估策略韌性
1. 情境分析的範圍及邊界
彰化銀行 2021年淨收益有 71%以上來自利息，存放款的來源以及利差的變化對於淨收
益相當關鍵，因此彰化銀行特別關注氣候變遷議題對授信戶的影響。"
S-2-5,0.8040991089712722,"業及 SASB揭露與氣候風險相關之高碳排產業 (農林漁牧業、礦業及土石採取業、電力
及燃氣供應業、運輸及倉儲業 )之暴險情形，以持續監控氣候風險之暴險狀況，檢視限
額運作之有效性。
另，使用氣候情境分析，從未來一系列可能出現的狀況，有效地識別及評估氣候相關風
險對業務表現的潛在影響，並依據分析結果，有效掌握並制定靈活穩健的因應策略，檢
視銀行在不同氣候情境下之因應策略是否具有韌性。風險管理委員會"
S-2-5,0.8035773809762425,"5-4投融資組合排放量
描述組織在管理氣候相關風險與機會所使用的目標，以及落實該目標的表現。 5    氣候指標與目標面向 一般行業指引 對應章節
策略 描述針對碳相關資產的信用暴險集中度。 5-3 碳資產暴險情形
風險管理考量揭露氣候相關風險與傳統銀行業風險之連結性 (如信用風險、市場風險、流動性風險和
作業風險 )。3-1 氣候風險鑑別結果
3-2 將氣候相關風險納入標準風險評估框架
指標和目標提供評估短、中、長期之氣候相關風險 (轉型與實體風險 )對其融資與其他金融中介業務影響
之指標。5    氣候指標與目標
揭露融資與其他金融中介活動之溫室氣體排放。5-1 溫室氣體排放管理"
S-2-5,0.8025102767264635,"2022氣候相關財務揭露 TCFD報告書  41氣 候 治 理
氣 候 策 略
氣 候 風 險 管 理
管 理 氣 候 影 響 力
氣 候 指 標 與 目 標
未 來 展 望
附 錄附錄  TCFD 核心要素對照表
治理描述董事會對氣候相關風險與機會的監督。1-2 氣候治理架構 - 董事會
1-2 氣候治理架構 - 功能性委員會
描述管理階層在評估和管理氣候相關風險與機會方面的角色。 1-2 氣候治理架構 -管理階層 (業務單位 )
策略描述組織鑑別的短、中、長期氣候相關風險與機會。3-1 氣候風險鑑別結果
4-1 氣候機會鑑別結果"
S-2-5,0.8020101878546768,"SBTi)的承諾，致力使彰化銀行的業務發展策略與《巴黎協定》欲達成的目標保持一致 (全球升溫幅度控制在 1.5°C)，未來將逐步規劃營運及投融資活動之減碳目標。氣候指標與目標5
5-1 溫室氣體排放管理         32  
5-2 能資源與水資源管理     33
5-3 碳資產暴險情形            35
5-4 投融資組合排放量         37"
S-2-5,0.8017802736598998,"前 言
關 於 本 報 告 書
02  前言氣候相關財務資訊揭露的核心要素本報告書以彰化銀行的營運活動作為本次揭露邊界。營運邊界
本報告書報告範疇為西元 (下同 )2021年1月1日至 2021年12月31日。報告範疇
本報告書依循國際金融穩定委員會 (Financial Stability Board, FSB) 之「氣候相關財務揭露建議」(Recommendations of the Task Force on Climate-related Financial Disclosures, 以"
S-2-6,0.8171599713147151,"表20   溫室氣體減量績效
項目2020年 2021年
基準年 實際成果 目標
碳排放總量（公噸 CO2e） 註117,158.302 16,361.208 16,987
目標 /實際減碳率（%） - 4.65% 4.2%
註1：碳排放總量為類別 1及類別 2之碳排放量總和。考量未來全球暖化效應持續加劇下，預估極端高溫或旱澇並存現象頻率增加，進而提升
彰化銀行實體風險，如極端高溫導致空調用電增加，提高彰化銀行營運成本；而旱季時
導致我國水資源供給不穩定，部分地區進入不同程度之限水或停水等，嚴重時可能影響"
S-2-6,0.8170622294856515,"成投融資組合碳排放計
算，目前相關單位正積
極研擬針對重點資產類
別設定相應減量目標。
未來將依該目標建立具
體減碳執行方針，以逐
步達成彰化銀行設立之
減碳目標。TCFD報告書：
• 3-4投融資風
險管理
類型 指標 指標說明 單位 2019 2020 2021 行動方案
營運溫室氣體
排放量類別 1、2溫室氣體
排放量公噸 CO 2e 17,580.1 17,158.3 16,361.2• 每年定期盤查溫室氣體排放量，以檢視減量情形，增加管
理措施。
用電量彰化銀行透過導入 ISO 
50001能源管理系統，
並以用電量作為指標"
S-2-6,0.8152064262075605,"• 簽署科學基礎減碳目
標倡議 (SBTi)承諾2050
• 配合國發會「臺灣 2050
淨零排放路徑及策略」
達成淨零排放目標2017• 溫室氣體減量及管理，
擴展至國內所有營業
據點及辦公場所
• ISO 14064-1 溫室氣體
盤查查證
• 遵循赤道原則精神擴
大至所有授信案進行
紀錄審查
2016
• 通過 ISO 50001 驗證
• 設定五年節電率達 5%
以上之目標
• 制訂能源政策及「供應
商企業社會責任規範」"
S-2-6,0.8149628657226808,"此作為指標，積極尋求其中的溫室氣體減量機會。
碳足跡每新臺幣百萬元投融
資餘額產生之公噸二
氧化碳當量公噸 CO2e/
新臺幣百萬元4.9 3.8 3.0
高碳排資產
暴露情形 投融資組合中高碳排
產業占總部位金額之
比例。用以評估轉型風
險壓力較大的產業之
暴險情形% 11% 14% 13.1%• 彰化銀行於 2022年訂定高碳排產業清單，未來投融資單
位需於投資及放款前進行氣候變遷風險評估，並與之進
行議合，詳細內容請詳 3-4、 1 高碳排產業名單建立。"
S-2-6,0.8139250377096463,"使其對環境影響降低，
並定期就環境衝擊面
鑑別評估，列改善目
標及管理方案加以追
蹤。另每年盤查溫室
氣體排放量，以檢視
減量情形，增加管理
措施。永續報告書：
• 3.2.1 溫室氣
體盤查 
• 3.2.2 能源使
用管理
TCFD報告書：
• 4-2綠色營運
• 5-1溫室氣體
排放管理
• 5-2能資源與
水資源管理環境永續
相關指標
( 包含用電量、
用水量等 )2020年• 各項環境指標
較前一年減少
1% 以上。• 用電量較 2020年減少
2.09%。
• 用水量較 2020年減少
1.93%。中、長期目標：
各項環境指標較基準年減少 10%
以上。"
S-2-6,0.8071401305318787,"2022氣候相關財務揭露 TCFD報告書  19氣 候 治 理
氣 候 策 略
氣 候 風 險 管 理
管 理 氣 候 影 響 力
氣 候 指 標 與 目 標
未 來 展 望
附 錄2. 辨別轉型風險對信用風險之影響
環保署自 2015年起開始每年公布應盤查登錄溫室氣體排放量之企業名單，包含電力業、
鋼鐵業、水泥業、半導體業、薄膜電晶體液晶顯示器、石油煉製業等產業，以及化石燃
料燃燒產生溫室氣體年排放量達 2.5萬公噸 CO 2e以上者，皆被視為碳排大戶，需每年
至環保署登錄平台揭露前一年度溫室氣體排放量。臺灣《溫室氣體減量及管理法》現處"
S-2-6,0.8061905957946697,"2020年減少 4.65%。長期目標：
• 已簽署 SBTi承諾，並以控制升
溫於 1.5°C為目標，訂定彰化銀
行減碳目標為 2030年類別 1與
類別 2之溫室氣體排放量較 2020
年減少 42%。• 持續推動環境永續相
關國際標準之查驗證
作業。
• 每年記錄各項資源 ( 
水、電、燃油、天然
氣等 ) 使用資訊，當有
不符合或異常於環境
管理之要求時，適時
有效的採取矯正措施，
使其對環境影響降低，
並定期就環境衝擊面
鑑別評估，列改善目
標及管理方案加以追
蹤。另每年盤查溫室
氣體排放量，以檢視
減量情形，增加管理
措施。永續報告書：
• 3.2.1 溫室氣
體盤查"
S-2-6,0.8060008692091873,"32  氣候指標與目標氣 候 治 理
氣 候 策 略
氣 候 風 險 管 理
管 理 氣 候 影 響 力
氣 候 指 標 與 目 標
未 來 展 望
附 錄彰化銀行溫室氣體盤查之組織邊界，係依照營運控制法來設定，為增加未來減量措施之範圍及可能性，自 2020 年起以新版標準為依據，進行獨立第三方之外部查證，以利彰化銀行於
未來持續建立節能減碳計畫，進而提升能源使用效率，降低溫室氣體排放強度。以下為近三年溫室氣體排放範疇及數據：5-1溫室氣體排放管理
表19   溫室氣體盤查數據
項目 2019年 2020年 2021年
盤查依循標準 ISO 14064-1:2018"
S-2-6,0.8021745832917069,"2022氣候相關財務揭露 TCFD報告書  23氣 候 治 理
氣 候 策 略
氣 候 風 險 管 理
管 理 氣 候 影 響 力
氣 候 指 標 與 目 標
未 來 展 望
附 錄本次問卷結果，我們共鑑別出三大氣候變遷機會項目，其機會事件及影響說明如下表：
1. 降低溫室氣體排放量
彰化銀行執行各項資源節約、節能措施及溫室氣體排放減量策略等環境政策，並自發性導入各項國際管理系統，如環境管理系統 (ISO 14001)、能源管理系統 (ISO 50001)、水資源效率"
S-2-6,0.8011680827700904,"SBTi)的承諾，致力使彰化銀行的業務發展策略與《巴黎協定》欲達成的目標保持一致 (全球升溫幅度控制在 1.5°C)，未來將逐步規劃營運及投融資活動之減碳目標。氣候指標與目標5
5-1 溫室氣體排放管理         32  
5-2 能資源與水資源管理     33
5-3 碳資產暴險情形            35
5-4 投融資組合排放量         37"
S-3-1,0.8415966543292325,"前 言
關 於 本 報 告 書
2022氣候相關財務揭露 TCFD報告書  01近年來全球面臨極端氣候的嚴峻考驗，熱浪、水患頻襲、糧食短缺、能源危機等，據聯合國氣候變遷專門委員會公布最新氣候變遷評估報告，強調只要全球暖化升溫超過 1.5° C，對生態
或是人類系統的風險將大幅升高；而且升溫越多，人類將越無法調適。此等全球暖化氣候變遷問題可能演變為信用、市場、流動性及作業風險等系統性金融危機，面對氣候挑戰，從京都
議定書、巴黎協定至格拉斯哥協議，淨零趨勢已形成全球共識，在 2021年底第 26 屆聯合國氣候變遷會議中成立的「格拉斯哥淨零金融聯盟」，在會中宣示將於 2050年達成淨零排放目標。"
S-3-1,0.8318585406870934,"來較高的轉型風險。本年度情境分析結果及因應策略，實體風險請詳「 3-3、 1辨別實體
風險對作業風險之影響」及「 3-4、 3 辨別實體風險對信用風險之影響」；轉型風險請詳
「3-4、 2 辨別轉型風險對信用風險之影響」。 風險類型 業務類型 範圍
實體風險營運 全臺灣營運據點
融資 不動產擔保品鑑價金額前 150筆
轉型風險 融資授信對象屬於國內環保署納管之應盤查登錄溫室氣體排
放量之排放源者表5   情境分析實施範圍組織 分析時間範圍 採用路徑 對應本世紀末升溫
聯合國政府間氣候變遷
專門委員會
 (IPCC)2025、
2030、2050RCP 2.6 ~2°C"
S-3-1,0.8146718988013211,"年達成 SBTi類別 1和2升溫限制在  1.5°C和投融資組合排放升溫控制在低於 2°C目標，並積極檢視投融資組合及標的之減碳策略，研擬投融資對象於氣候層面表現的檢視標準，規
劃與未掌握氣候風險管理之高碳排放企業進行議合，協助其適應低碳轉型。
此外，彰化銀行為臺灣公股行庫之一，也將積極配合國家發展委員會 (下稱國發會 )於2022年發布「臺灣 2050淨零排放路徑及策略」中所提出的 2050年淨零排放目標，展開相應規
劃與行動。1-1氣候治理進程氣候治理1
1-1 氣候治理進程         03  
1-2 氣候治理架構         04"
S-3-1,0.8043668995457941,"2022氣候相關財務揭露 TCFD報告書  23氣 候 治 理
氣 候 策 略
氣 候 風 險 管 理
管 理 氣 候 影 響 力
氣 候 指 標 與 目 標
未 來 展 望
附 錄本次問卷結果，我們共鑑別出三大氣候變遷機會項目，其機會事件及影響說明如下表：
1. 降低溫室氣體排放量
彰化銀行執行各項資源節約、節能措施及溫室氣體排放減量策略等環境政策，並自發性導入各項國際管理系統，如環境管理系統 (ISO 14001)、能源管理系統 (ISO 50001)、水資源效率"
S-3-1,0.8038580500712141,"放量之排放源者表5   情境分析實施範圍組織 分析時間範圍 採用路徑 對應本世紀末升溫
聯合國政府間氣候變遷
專門委員會
 (IPCC)2025、
2030、2050RCP 2.6 ~2°C
RCP 8.5 >4°C
中央銀行與監理機關
綠色金融系統網絡 
(NGFS)2025、
2030、20502050年淨零排放 ~1.5° C
延遲轉型 ~2°C
國家自主貢獻 ~2.5° C表6   情境分析應用情境"
S-3-2,0.8601898536270869,"策略描述組織鑑別的短、中、長期氣候相關風險與機會。3-1 氣候風險鑑別結果
4-1 氣候機會鑑別結果
描述衝擊組織在業務、策略和財務規劃的氣候相關風險與機會。3-1 氣候風險鑑別結果
4-1氣候機會鑑別結果
描述組織在策略上的韌性，並考量不同氣候相關情境（包括 2˚C或更嚴苛的情境）。 2-3 以情境分析評估策略韌性
風險管理描述組織在氣候相關風險的鑑別和評估流程。 2-2氣候議題鑑別及評估流程
描述組織在氣候相關風險的管理流程。3-3 營運風險管理
3-4 投融資風險管理
描述氣候相關風險的鑑別、評估和管理流程如何整合在組織的整體風險管理制度。 3-2 將氣候相關風險納入標準風險評估框架"
S-3-2,0.8584703347913872,"2022氣候相關財務揭露 TCFD報告書  09氣 候 治 理
氣 候 策 略
氣 候 風 險 管 理
管 理 氣 候 影 響 力
氣 候 指 標 與 目 標
未 來 展 望
附 錄STEP 6
氣候風險與
機會辨識流程整合為因應氣候變遷相關的風險與機會，彰化銀行積極進行低碳轉型，將氣候變遷納入日常
運營及長期策略之中。考量氣候風險類型2、時間區間、影響程度、發生可能性、金融
業既有風險之關聯性及各項業務性質，藉此確立氣候風險辨識流程，以確實掌握彰化銀
行受氣候風險之影響，並進一步採取「減緩」與「調適」兩大氣候行動積極因應。2-2氣候議題鑑別及評估流程
氣候相關議題蒐集"
S-3-2,0.854350617326705,"份有限公司永續發展政策」增訂氣候風險管理政策，以建立完整氣候風險管理程序，準確辨識及評估氣候相關之風險與機會，強化對氣候風險之管理。
氣候風險雖擬於整體風險架構中作為獨立的風險項目，然其與既有之風險項目密不可分；與氣候風險相關之傳統風險定義如表  9所示；表  10說明各傳統風險類型如何受氣候相關實體
與轉型風險影響：3-2將氣候相關風險納入標準風險評估框架本次問卷結果，我們共鑑別出三大氣候變遷風險項目，其風險事件及影響說明如下表：
表8   本年度重大氣候風險影響程度及因應措施
排序 風險事件 時間範圍 影響範圍 傳統風險 營運影響 財務影響 因應作為"
S-3-2,0.8514174145245729,"2022氣候相關財務揭露 TCFD報告書  41氣 候 治 理
氣 候 策 略
氣 候 風 險 管 理
管 理 氣 候 影 響 力
氣 候 指 標 與 目 標
未 來 展 望
附 錄附錄  TCFD 核心要素對照表
治理描述董事會對氣候相關風險與機會的監督。1-2 氣候治理架構 - 董事會
1-2 氣候治理架構 - 功能性委員會
描述管理階層在評估和管理氣候相關風險與機會方面的角色。 1-2 氣候治理架構 -管理階層 (業務單位 )
策略描述組織鑑別的短、中、長期氣候相關風險與機會。3-1 氣候風險鑑別結果
4-1 氣候機會鑑別結果"
S-3-2,0.8501137948434352,"10  氣候策略氣 候 治 理
氣 候 策 略
氣 候 風 險 管 理
管 理 氣 候 影 響 力
氣 候 指 標 與 目 標
未 來 展 望
附 錄彰化銀行依循 TCFD指引，使用氣候情境分析，從未來一系列可能出現的狀況，有效地
識別及評估氣候相關風險對業務表現的潛在影響，並依據分析結果，有效掌握並制定靈
活穩健的因應策略，加強彰化銀行應對氣候變遷之韌性。2-3以情境分析評估策略韌性
1. 情境分析的範圍及邊界
彰化銀行 2021年淨收益有 71%以上來自利息，存放款的來源以及利差的變化對於淨收
益相當關鍵，因此彰化銀行特別關注氣候變遷議題對授信戶的影響。"
S-3-2,0.8490555506975994,"08  氣候策略氣 候 治 理
氣 候 策 略
氣 候 風 險 管 理
管 理 氣 候 影 響 力
氣 候 指 標 與 目 標
未 來 展 望
附 錄以綠色金融為核心，透過資金挹注及金融商品與服務協助企業低碳轉型，並考量業務發
展、風險管理、自身營運等層面設置具體發展目標。2-1氣候策略
表2   低碳轉型發展策略
層面 發展目標 相關章節
氣候風險管理研擬投融資對象於氣候層面表現的檢
視標準，將氣候相關因子納入投融資
流程管理，規劃與未掌握氣候風險管
理之高碳排放企業進行議合，協助其
適應低碳轉型。3-4 投融資風險管理
低碳營運2022年簽署科學基礎減碳目標倡議"
S-3-2,0.845903082332818,"評估氣候相關風險
與機會影響程度
STEP 4
評估風險與
機會之重大性STEP 5
擬訂合適的
因應措施註2：主要劃分為兩大類：與氣候變遷相關的「實體風險」及與低碳經濟相關的「轉型風險」，實體
風險依據氣候模式區分為立即性極端天氣事件或長期性氣候模式變化，轉型風險依據不同影
響因子再細分為政策和法規風險、技術創新風險、市場結構改變、聲譽風險等主要風險因子。
STEP 2
辨識影響商業策略與
目標的氣候相關風險與機會"
S-3-2,0.8455730514355534,"2022氣候相關財務揭露 TCFD報告書  11氣 候 治 理
氣 候 策 略
氣 候 風 險 管 理
管 理 氣 候 影 響 力
氣 候 指 標 與 目 標
未 來 展 望
附 錄
彰化銀行遵循 TCFD架構，考量面向包含  TCFD 所建議之氣候風險與機會分類，包含立即性及長期性之實體風險與政策和法規、技術、市場、聲譽之轉型風險，本年度共蒐集 12項氣
候相關風險議題，並透過各單位主管針對各項氣候變遷風險所判斷的「風險發生可能性」和「影響程度」相乘，作為風險重大性之排序依據，最後針對風險排序前三大項目，評估對彰
化銀行營運之影響，並研擬因應措施。3-1氣候風險鑑別結果氣候風險管理3"
S-3-2,0.8450693860591361,"2022氣候相關財務揭露 TCFD報告書  15氣 候 治 理
氣 候 策 略
氣 候 風 險 管 理
管 理 氣 候 影 響 力
氣 候 指 標 與 目 標
未 來 展 望
附 錄我們透過情境分析及壓力測試進一步盤點氣候風險對彰化銀行傳統風險造成之潛在衝
擊，詳細分析結果請見本報告章節，實體風險請詳「 3-3、 1辨別實體風險對作業風險之
影響」及「 3-4、 3 辨別實體風險對信用風險之影響」；轉型風險請詳「 3-4、 2辨別轉
型風險對信用風險之影響」。信用風險係指借款人或交易對手因本身財務結構惡化或其他主、客觀因
素之影響，未能履行其契約義務而造成損失的風險，包括國家"
S-3-2,0.8444110522853959,"化銀行營運之影響，並研擬因應措施。3-1氣候風險鑑別結果氣候風險管理3
3-1 氣候風險鑑別結果                                        11  
3-2 將氣候相關風險納入標準風險評估框架         14
3-3 營運風險管理                                               16
3-4 投融資風險管理                                           18"
S-3-3,0.8159008376836259,"來較高的轉型風險。本年度情境分析結果及因應策略，實體風險請詳「 3-3、 1辨別實體
風險對作業風險之影響」及「 3-4、 3 辨別實體風險對信用風險之影響」；轉型風險請詳
「3-4、 2 辨別轉型風險對信用風險之影響」。 風險類型 業務類型 範圍
實體風險營運 全臺灣營運據點
融資 不動產擔保品鑑價金額前 150筆
轉型風險 融資授信對象屬於國內環保署納管之應盤查登錄溫室氣體排
放量之排放源者表5   情境分析實施範圍組織 分析時間範圍 採用路徑 對應本世紀末升溫
聯合國政府間氣候變遷
專門委員會
 (IPCC)2025、
2030、2050RCP 2.6 ~2°C"
S-3-3,0.8030483669644713,"放量之排放源者表5   情境分析實施範圍組織 分析時間範圍 採用路徑 對應本世紀末升溫
聯合國政府間氣候變遷
專門委員會
 (IPCC)2025、
2030、2050RCP 2.6 ~2°C
RCP 8.5 >4°C
中央銀行與監理機關
綠色金融系統網絡 
(NGFS)2025、
2030、20502050年淨零排放 ~1.5° C
延遲轉型 ~2°C
國家自主貢獻 ~2.5° C表6   情境分析應用情境"
S-3-3,0.8002053091513205,"前 言
關 於 本 報 告 書
2022氣候相關財務揭露 TCFD報告書  01近年來全球面臨極端氣候的嚴峻考驗，熱浪、水患頻襲、糧食短缺、能源危機等，據聯合國氣候變遷專門委員會公布最新氣候變遷評估報告，強調只要全球暖化升溫超過 1.5° C，對生態
或是人類系統的風險將大幅升高；而且升溫越多，人類將越無法調適。此等全球暖化氣候變遷問題可能演變為信用、市場、流動性及作業風險等系統性金融危機，面對氣候挑戰，從京都
議定書、巴黎協定至格拉斯哥協議，淨零趨勢已形成全球共識，在 2021年底第 26 屆聯合國氣候變遷會議中成立的「格拉斯哥淨零金融聯盟」，在會中宣示將於 2050年達成淨零排放目標。"
R-1-1,0.8376898522065152,"氣候相關財務揭露工作小組每年定期執行氣候風險與機會辨識流程，執行氣
候風險與機會質化 /量化分析，並依據評估結果針對各項風險與機會研擬因應
策略，每月進行監控與報告，提報風險管理委員會及董事會。
時間區間 短期 中期 長期
年度1年以內 
（2022年）1 至 7 年 
（2023-2029 年）7年以上
（2030年~）影響程度 定義
不相關 無財務影響或效益
輕度 財務影響或效益低於新臺幣 5,000萬元
中度 財務影響或效益介於新臺幣 5,000萬元 ~1億元
高度 財務影響或效益超過新臺幣 1億元
圖 3   氣候風險與機會辨識流程STEP
1STEP
4
STEP
2STEP
5"
R-1-1,0.8363201007033354,"機會矩陣。評估風險與機會之重大性
以「影響程度」及「發生可能性」兩個衡量維度計算氣候風險或機會指數，
考量成本效益及資料可取得性，據此排序氣候風險和機會之重大性。
擬訂合適的因應措施
針對已辨識之重大氣候風險和機會，衡量衝擊路徑、衝擊時間與地域範疇、
影響價值鏈位置及財務衝擊，綜整現有因應措施及執行績效，研擬未來可採
行之「減緩」與「調適」氣候行動。
氣候風險與機會辨識流程整合
氣候相關財務揭露工作小組每年定期執行氣候風險與機會辨識流程，執行氣
候風險與機會質化 /量化分析，並依據評估結果針對各項風險與機會研擬因應
策略，每月進行監控與報告，提報風險管理委員會及董事會。"
R-1-1,0.8302707033499568,"策略描述組織鑑別的短、中、長期氣候相關風險與機會。3-1 氣候風險鑑別結果
4-1 氣候機會鑑別結果
描述衝擊組織在業務、策略和財務規劃的氣候相關風險與機會。3-1 氣候風險鑑別結果
4-1氣候機會鑑別結果
描述組織在策略上的韌性，並考量不同氣候相關情境（包括 2˚C或更嚴苛的情境）。 2-3 以情境分析評估策略韌性
風險管理描述組織在氣候相關風險的鑑別和評估流程。 2-2氣候議題鑑別及評估流程
描述組織在氣候相關風險的管理流程。3-3 營運風險管理
3-4 投融資風險管理
描述氣候相關風險的鑑別、評估和管理流程如何整合在組織的整體風險管理制度。 3-2 將氣候相關風險納入標準風險評估框架"
R-1-1,0.8283280273453302,"描述組織在氣候相關風險的管理流程。3-3 營運風險管理
3-4 投融資風險管理
描述氣候相關風險的鑑別、評估和管理流程如何整合在組織的整體風險管理制度。 3-2 將氣候相關風險納入標準風險評估框架
指標和目標揭露組織依循其策略和風險管理流程進行評估氣候相關風險與機會所使用的指標。 5    氣候指標與目標
揭露類別 1、類別 2和投融資組合（如適用）溫室氣體排放和相關風險。5-1 溫室氣體排放管理
5-4投融資組合排放量
描述組織在管理氣候相關風險與機會所使用的目標，以及落實該目標的表現。 5    氣候指標與目標面向 一般行業指引 對應章節"
R-1-1,0.8170357048000545,"份有限公司永續發展政策」增訂氣候風險管理政策，以建立完整氣候風險管理程序，準確辨識及評估氣候相關之風險與機會，強化對氣候風險之管理。
氣候風險雖擬於整體風險架構中作為獨立的風險項目，然其與既有之風險項目密不可分；與氣候風險相關之傳統風險定義如表  9所示；表  10說明各傳統風險類型如何受氣候相關實體
與轉型風險影響：3-2將氣候相關風險納入標準風險評估框架本次問卷結果，我們共鑑別出三大氣候變遷風險項目，其風險事件及影響說明如下表：
表8   本年度重大氣候風險影響程度及因應措施
排序 風險事件 時間範圍 影響範圍 傳統風險 營運影響 財務影響 因應作為"
R-1-1,0.8157144221726622,"評估氣候相關風險
與機會影響程度
STEP 4
評估風險與
機會之重大性STEP 5
擬訂合適的
因應措施註2：主要劃分為兩大類：與氣候變遷相關的「實體風險」及與低碳經濟相關的「轉型風險」，實體
風險依據氣候模式區分為立即性極端天氣事件或長期性氣候模式變化，轉型風險依據不同影
響因子再細分為政策和法規風險、技術創新風險、市場結構改變、聲譽風險等主要風險因子。
STEP 2
辨識影響商業策略與
目標的氣候相關風險與機會"
R-1-1,0.8145597249640093,"12  氣候風險管理氣 候 治 理
氣 候 策 略
氣 候 風 險 管 理
管 理 氣 候 影 響 力
氣 候 指 標 與 目 標
未 來 展 望
附 錄圖4   2021 年度氣候相關風險矩陣 表7   氣候風險鑑別議題
影響程度2.700 2.802.903.003.103.203.303.403.501.801.902.002.102.202.302.402.502.60
發生可能性類型 風險因子 風險事件 說明
實體立即性天災影響公司
營運在氣候變遷下，颱風和豪雨都越加
嚴重與頻繁，將可能使彰化銀行之
營運據點面臨天然災害，增加建築
設備維護成本，甚至造成營運中斷
或人員傷亡。"
R-1-1,0.8133480873630181,"業既有風險之關聯性及各項業務性質，藉此確立氣候風險辨識流程，以確實掌握彰化銀
行受氣候風險之影響，並進一步採取「減緩」與「調適」兩大氣候行動積極因應。2-2氣候議題鑑別及評估流程
氣候相關議題蒐集
彰化銀行之氣候相關財務揭露工作小組依循 TCFD架構指引，定期蒐研國際
氣候相關研究報告、國內外政府氣候相關規章，並參酌國內外金融同業之氣
候相關風險與機會評估報告，作為氣候相關議題資料庫之基礎。
辨識影響商業策略與目標的氣候相關風險與機會
訪談各業務單位，依其業務性質逐一研討氣候相關議題對彰化銀行之影響，
將外部觀點內化成為符合金融業特性的內部議題，並重新調整各項議題之論"
R-1-1,0.8122463898163677,"2022氣候相關財務揭露 TCFD報告書  09氣 候 治 理
氣 候 策 略
氣 候 風 險 管 理
管 理 氣 候 影 響 力
氣 候 指 標 與 目 標
未 來 展 望
附 錄STEP 6
氣候風險與
機會辨識流程整合為因應氣候變遷相關的風險與機會，彰化銀行積極進行低碳轉型，將氣候變遷納入日常
運營及長期策略之中。考量氣候風險類型2、時間區間、影響程度、發生可能性、金融
業既有風險之關聯性及各項業務性質，藉此確立氣候風險辨識流程，以確實掌握彰化銀
行受氣候風險之影響，並進一步採取「減緩」與「調適」兩大氣候行動積極因應。2-2氣候議題鑑別及評估流程
氣候相關議題蒐集"
R-1-1,0.8073202661624143,"14  氣候風險管理氣 候 治 理
氣 候 策 略
氣 候 風 險 管 理
管 理 氣 候 影 響 力
氣 候 指 標 與 目 標
未 來 展 望
附 錄氣候變遷已成為近年各界所重視的風險之一，彰化銀行擬將氣候風險納入整體風險管理政策中，並依據金融監督管理委員會發布之「本國銀行氣候風險財務揭露指引」及「彰化銀行股
份有限公司永續發展政策」增訂氣候風險管理政策，以建立完整氣候風險管理程序，準確辨識及評估氣候相關之風險與機會，強化對氣候風險之管理。"
R-1-2,0.8193042378477291,"前 言
關 於 本 報 告 書
2022氣候相關財務揭露 TCFD報告書  01近年來全球面臨極端氣候的嚴峻考驗，熱浪、水患頻襲、糧食短缺、能源危機等，據聯合國氣候變遷專門委員會公布最新氣候變遷評估報告，強調只要全球暖化升溫超過 1.5° C，對生態
或是人類系統的風險將大幅升高；而且升溫越多，人類將越無法調適。此等全球暖化氣候變遷問題可能演變為信用、市場、流動性及作業風險等系統性金融危機，面對氣候挑戰，從京都
議定書、巴黎協定至格拉斯哥協議，淨零趨勢已形成全球共識，在 2021年底第 26 屆聯合國氣候變遷會議中成立的「格拉斯哥淨零金融聯盟」，在會中宣示將於 2050年達成淨零排放目標。"
R-1-2,0.8150014168056225,"2022氣候相關財務揭露 TCFD報告書  23氣 候 治 理
氣 候 策 略
氣 候 風 險 管 理
管 理 氣 候 影 響 力
氣 候 指 標 與 目 標
未 來 展 望
附 錄本次問卷結果，我們共鑑別出三大氣候變遷機會項目，其機會事件及影響說明如下表：
1. 降低溫室氣體排放量
彰化銀行執行各項資源節約、節能措施及溫室氣體排放減量策略等環境政策，並自發性導入各項國際管理系統，如環境管理系統 (ISO 14001)、能源管理系統 (ISO 50001)、水資源效率"
R-1-2,0.8119511300691246,"2022氣候相關財務揭露 TCFD報告書  19氣 候 治 理
氣 候 策 略
氣 候 風 險 管 理
管 理 氣 候 影 響 力
氣 候 指 標 與 目 標
未 來 展 望
附 錄2. 辨別轉型風險對信用風險之影響
環保署自 2015年起開始每年公布應盤查登錄溫室氣體排放量之企業名單，包含電力業、
鋼鐵業、水泥業、半導體業、薄膜電晶體液晶顯示器、石油煉製業等產業，以及化石燃
料燃燒產生溫室氣體年排放量達 2.5萬公噸 CO 2e以上者，皆被視為碳排大戶，需每年
至環保署登錄平台揭露前一年度溫室氣體排放量。臺灣《溫室氣體減量及管理法》現處"
R-1-2,0.8074143168548664,"08  氣候策略氣 候 治 理
氣 候 策 略
氣 候 風 險 管 理
管 理 氣 候 影 響 力
氣 候 指 標 與 目 標
未 來 展 望
附 錄以綠色金融為核心，透過資金挹注及金融商品與服務協助企業低碳轉型，並考量業務發
展、風險管理、自身營運等層面設置具體發展目標。2-1氣候策略
表2   低碳轉型發展策略
層面 發展目標 相關章節
氣候風險管理研擬投融資對象於氣候層面表現的檢
視標準，將氣候相關因子納入投融資
流程管理，規劃與未掌握氣候風險管
理之高碳排放企業進行議合，協助其
適應低碳轉型。3-4 投融資風險管理
低碳營運2022年簽署科學基礎減碳目標倡議"
R-1-2,0.8041495587489398,"2022氣候相關財務揭露 TCFD報告書  21氣 候 治 理
氣 候 策 略
氣 候 風 險 管 理
管 理 氣 候 影 響 力
氣 候 指 標 與 目 標
未 來 展 望
附 錄
氣候變遷不僅帶來風險，同時伴隨相關商機，彰化銀行持續增加永續發展債券之投資，並支持政府推動綠能產業政策，推出「太陽光電設備設置專案貸款」等多項綠色貸款，擴大彰化
銀行業務範圍，並推動各類網路服務與交易電子化，如下表所示：4-1氣候機會鑑別結果管理氣候影響力4
4-1 氣候機會鑑別結果          21 
4-2 綠色營運                      23"
R-1-2,0.8040547494132144,"2022氣候相關財務揭露 TCFD報告書  09氣 候 治 理
氣 候 策 略
氣 候 風 險 管 理
管 理 氣 候 影 響 力
氣 候 指 標 與 目 標
未 來 展 望
附 錄STEP 6
氣候風險與
機會辨識流程整合為因應氣候變遷相關的風險與機會，彰化銀行積極進行低碳轉型，將氣候變遷納入日常
運營及長期策略之中。考量氣候風險類型2、時間區間、影響程度、發生可能性、金融
業既有風險之關聯性及各項業務性質，藉此確立氣候風險辨識流程，以確實掌握彰化銀
行受氣候風險之影響，並進一步採取「減緩」與「調適」兩大氣候行動積極因應。2-2氣候議題鑑別及評估流程
氣候相關議題蒐集"
R-1-2,0.8038452374292668,"屬於國內環保署納管之應盤查登錄溫室氣體排放量之排放源者，了解未來政策與法規對
授信對象營運之影響，進而影響彰化銀行信用風險之預期損失金額。
2. 氣候情境設定
彰化銀行為確實掌握氣候相關議題在不同情況下潛在影響，分別採取較嚴格路徑（即致
力達成更低碳經濟的情境）及高排放 /照常營業路徑，分別代表最佳及最壞情況，以增
強不同情境間之比較性，充分考慮實體及轉型風險。一般而言，較高的排放情境帶來較高的實體風險，而致力於達成更低碳經濟的情境則帶
來較高的轉型風險。本年度情境分析結果及因應策略，實體風險請詳「 3-3、 1辨別實體"
R-1-2,0.8023199008348091,"放量之排放源者表5   情境分析實施範圍組織 分析時間範圍 採用路徑 對應本世紀末升溫
聯合國政府間氣候變遷
專門委員會
 (IPCC)2025、
2030、2050RCP 2.6 ~2°C
RCP 8.5 >4°C
中央銀行與監理機關
綠色金融系統網絡 
(NGFS)2025、
2030、20502050年淨零排放 ~1.5° C
延遲轉型 ~2°C
國家自主貢獻 ~2.5° C表6   情境分析應用情境"
R-1-3,0.8342818896460606,"氣候相關財務揭露工作小組每年定期執行氣候風險與機會辨識流程，執行氣
候風險與機會質化 /量化分析，並依據評估結果針對各項風險與機會研擬因應
策略，每月進行監控與報告，提報風險管理委員會及董事會。
時間區間 短期 中期 長期
年度1年以內 
（2022年）1 至 7 年 
（2023-2029 年）7年以上
（2030年~）影響程度 定義
不相關 無財務影響或效益
輕度 財務影響或效益低於新臺幣 5,000萬元
中度 財務影響或效益介於新臺幣 5,000萬元 ~1億元
高度 財務影響或效益超過新臺幣 1億元
圖 3   氣候風險與機會辨識流程STEP
1STEP
4
STEP
2STEP
5"
R-1-3,0.8310558365224414,"描述組織在氣候相關風險的管理流程。3-3 營運風險管理
3-4 投融資風險管理
描述氣候相關風險的鑑別、評估和管理流程如何整合在組織的整體風險管理制度。 3-2 將氣候相關風險納入標準風險評估框架
指標和目標揭露組織依循其策略和風險管理流程進行評估氣候相關風險與機會所使用的指標。 5    氣候指標與目標
揭露類別 1、類別 2和投融資組合（如適用）溫室氣體排放和相關風險。5-1 溫室氣體排放管理
5-4投融資組合排放量
描述組織在管理氣候相關風險與機會所使用的目標，以及落實該目標的表現。 5    氣候指標與目標面向 一般行業指引 對應章節"
R-1-3,0.8177845278575475,"份有限公司永續發展政策」增訂氣候風險管理政策，以建立完整氣候風險管理程序，準確辨識及評估氣候相關之風險與機會，強化對氣候風險之管理。
氣候風險雖擬於整體風險架構中作為獨立的風險項目，然其與既有之風險項目密不可分；與氣候風險相關之傳統風險定義如表  9所示；表  10說明各傳統風險類型如何受氣候相關實體
與轉型風險影響：3-2將氣候相關風險納入標準風險評估框架本次問卷結果，我們共鑑別出三大氣候變遷風險項目，其風險事件及影響說明如下表：
表8   本年度重大氣候風險影響程度及因應措施
排序 風險事件 時間範圍 影響範圍 傳統風險 營運影響 財務影響 因應作為"
R-1-3,0.8172755910281844,"策略描述組織鑑別的短、中、長期氣候相關風險與機會。3-1 氣候風險鑑別結果
4-1 氣候機會鑑別結果
描述衝擊組織在業務、策略和財務規劃的氣候相關風險與機會。3-1 氣候風險鑑別結果
4-1氣候機會鑑別結果
描述組織在策略上的韌性，並考量不同氣候相關情境（包括 2˚C或更嚴苛的情境）。 2-3 以情境分析評估策略韌性
風險管理描述組織在氣候相關風險的鑑別和評估流程。 2-2氣候議題鑑別及評估流程
描述組織在氣候相關風險的管理流程。3-3 營運風險管理
3-4 投融資風險管理
描述氣候相關風險的鑑別、評估和管理流程如何整合在組織的整體風險管理制度。 3-2 將氣候相關風險納入標準風險評估框架"
R-1-3,0.8160255574519658,"5-4投融資組合排放量
描述組織在管理氣候相關風險與機會所使用的目標，以及落實該目標的表現。 5    氣候指標與目標面向 一般行業指引 對應章節
策略 描述針對碳相關資產的信用暴險集中度。 5-3 碳資產暴險情形
風險管理考量揭露氣候相關風險與傳統銀行業風險之連結性 (如信用風險、市場風險、流動性風險和
作業風險 )。3-1 氣候風險鑑別結果
3-2 將氣候相關風險納入標準風險評估框架
指標和目標提供評估短、中、長期之氣候相關風險 (轉型與實體風險 )對其融資與其他金融中介業務影響
之指標。5    氣候指標與目標
揭露融資與其他金融中介活動之溫室氣體排放。5-1 溫室氣體排放管理"
R-1-3,0.8139052265534836,"以此概算受影響之自有營運據點及授信戶之不動產擔保品 (與不動產擔保品相關之分析結果請詳「 3-4、 3 辨別實體風險對信用風險之影響」 )。本年度為精進風險辨識尺度、危害類
型及危害造成之損失金額，導入聯合國環境規劃署金融倡議（UNEP FI）所認可之氣候風險分析資料庫，定期盤點並監控位於實體風險高風險區域的暴險變化。時間範圍2025
2030
2050
RCP 2.6
RCP 8.5
不動產地址
建築經濟耐用年數
建築材質
經緯度
建築年份
重置成本氣候模型應用實體風險數據產出 推算潛在損失金額 氣候情境
輸入參數全球氣候模式 (General 
Circulation Models)"
R-1-3,0.8127263792006338,"2022氣候相關財務揭露 TCFD報告書  09氣 候 治 理
氣 候 策 略
氣 候 風 險 管 理
管 理 氣 候 影 響 力
氣 候 指 標 與 目 標
未 來 展 望
附 錄STEP 6
氣候風險與
機會辨識流程整合為因應氣候變遷相關的風險與機會，彰化銀行積極進行低碳轉型，將氣候變遷納入日常
運營及長期策略之中。考量氣候風險類型2、時間區間、影響程度、發生可能性、金融
業既有風險之關聯性及各項業務性質，藉此確立氣候風險辨識流程，以確實掌握彰化銀
行受氣候風險之影響，並進一步採取「減緩」與「調適」兩大氣候行動積極因應。2-2氣候議題鑑別及評估流程
氣候相關議題蒐集"
R-1-3,0.8086845385752877,"化銀行營運之影響，並研擬因應措施。3-1氣候風險鑑別結果氣候風險管理3
3-1 氣候風險鑑別結果                                        11  
3-2 將氣候相關風險納入標準風險評估框架         14
3-3 營運風險管理                                               16
3-4 投融資風險管理                                           18"
R-1-3,0.8074599408183794,"機會矩陣。評估風險與機會之重大性
以「影響程度」及「發生可能性」兩個衡量維度計算氣候風險或機會指數，
考量成本效益及資料可取得性，據此排序氣候風險和機會之重大性。
擬訂合適的因應措施
針對已辨識之重大氣候風險和機會，衡量衝擊路徑、衝擊時間與地域範疇、
影響價值鏈位置及財務衝擊，綜整現有因應措施及執行績效，研擬未來可採
行之「減緩」與「調適」氣候行動。
氣候風險與機會辨識流程整合
氣候相關財務揭露工作小組每年定期執行氣候風險與機會辨識流程，執行氣
候風險與機會質化 /量化分析，並依據評估結果針對各項風險與機會研擬因應
策略，每月進行監控與報告，提報風險管理委員會及董事會。"
R-1-3,0.8062917987650515,"12  氣候風險管理氣 候 治 理
氣 候 策 略
氣 候 風 險 管 理
管 理 氣 候 影 響 力
氣 候 指 標 與 目 標
未 來 展 望
附 錄圖4   2021 年度氣候相關風險矩陣 表7   氣候風險鑑別議題
影響程度2.700 2.802.903.003.103.203.303.403.501.801.902.002.102.202.302.402.502.60
發生可能性類型 風險因子 風險事件 說明
實體立即性天災影響公司
營運在氣候變遷下，颱風和豪雨都越加
嚴重與頻繁，將可能使彰化銀行之
營運據點面臨天然災害，增加建築
設備維護成本，甚至造成營運中斷
或人員傷亡。"
#R-1-4,0.8417825746147262,"化銀行營運之影響，並研擬因應措施。3-1氣候風險鑑別結果氣候風險管理3
3-1 氣候風險鑑別結果                                        11  
3-2 將氣候相關風險納入標準風險評估框架         14
3-3 營運風險管理                                               16
3-4 投融資風險管理                                           18"
#R-1-4,0.8361831234456749,"表8   本年度重大氣候風險影響程度及因應措施
排序 風險事件 時間範圍 影響範圍 傳統風險 營運影響 財務影響 因應作為
1碳排放管制 中期 融資業務 信用風險• 部分客戶成為環保署排碳管
制名單，未來徵收碳費，將
衝擊客戶營收，對銀行產生
信用風險3-4、2
辨別轉型風險對信用風險之
影響3-4
投融資風險管理
2天災影響公司
營運中期 自身營運 作業風險• 營運據點資產損失
• 營運據點營運中斷
• 同仁上下班可能受傷3-3、1
辨別實體風險對作業風險之
影響3-3
營運風險管理
3投/融資對象資產
受損中期融資業務
投資業務信用風險
市場風險• 擔保品所在區域房價下跌，"
#R-1-4,0.8325517931248249,"機，將可能造成產品或金融商品
之市場價值產生劇烈變化。
作業風險嚴重氣候事件將可能影
響彰化銀行營運據點，
以及日常作業。-
其他風險-若有無法遵循氣候相關新興法規
之情事，將可能遭受裁罰或進入
法律程序，進而影響彰化銀行之
聲譽，導致信譽風險升高。"
#R-1-4,0.8296807076574142,"以此概算受影響之自有營運據點及授信戶之不動產擔保品 (與不動產擔保品相關之分析結果請詳「 3-4、 3 辨別實體風險對信用風險之影響」 )。本年度為精進風險辨識尺度、危害類
型及危害造成之損失金額，導入聯合國環境規劃署金融倡議（UNEP FI）所認可之氣候風險分析資料庫，定期盤點並監控位於實體風險高風險區域的暴險變化。時間範圍2025
2030
2050
RCP 2.6
RCP 8.5
不動產地址
建築經濟耐用年數
建築材質
經緯度
建築年份
重置成本氣候模型應用實體風險數據產出 推算潛在損失金額 氣候情境
輸入參數全球氣候模式 (General 
Circulation Models)"
#R-1-4,0.8296665357796025,"業既有風險之關聯性及各項業務性質，藉此確立氣候風險辨識流程，以確實掌握彰化銀
行受氣候風險之影響，並進一步採取「減緩」與「調適」兩大氣候行動積極因應。2-2氣候議題鑑別及評估流程
氣候相關議題蒐集
彰化銀行之氣候相關財務揭露工作小組依循 TCFD架構指引，定期蒐研國際
氣候相關研究報告、國內外政府氣候相關規章，並參酌國內外金融同業之氣
候相關風險與機會評估報告，作為氣候相關議題資料庫之基礎。
辨識影響商業策略與目標的氣候相關風險與機會
訪談各業務單位，依其業務性質逐一研討氣候相關議題對彰化銀行之影響，
將外部觀點內化成為符合金融業特性的內部議題，並重新調整各項議題之論"
#R-1-4,0.8246317364767638,"份有限公司永續發展政策」增訂氣候風險管理政策，以建立完整氣候風險管理程序，準確辨識及評估氣候相關之風險與機會，強化對氣候風險之管理。
氣候風險雖擬於整體風險架構中作為獨立的風險項目，然其與既有之風險項目密不可分；與氣候風險相關之傳統風險定義如表  9所示；表  10說明各傳統風險類型如何受氣候相關實體
與轉型風險影響：3-2將氣候相關風險納入標準風險評估框架本次問卷結果，我們共鑑別出三大氣候變遷風險項目，其風險事件及影響說明如下表：
表8   本年度重大氣候風險影響程度及因應措施
排序 風險事件 時間範圍 影響範圍 傳統風險 營運影響 財務影響 因應作為"
#R-1-4,0.823628925973432,"2022氣候相關財務揭露 TCFD報告書  11氣 候 治 理
氣 候 策 略
氣 候 風 險 管 理
管 理 氣 候 影 響 力
氣 候 指 標 與 目 標
未 來 展 望
附 錄
彰化銀行遵循 TCFD架構，考量面向包含  TCFD 所建議之氣候風險與機會分類，包含立即性及長期性之實體風險與政策和法規、技術、市場、聲譽之轉型風險，本年度共蒐集 12項氣
候相關風險議題，並透過各單位主管針對各項氣候變遷風險所判斷的「風險發生可能性」和「影響程度」相乘，作為風險重大性之排序依據，最後針對風險排序前三大項目，評估對彰
化銀行營運之影響，並研擬因應措施。3-1氣候風險鑑別結果氣候風險管理3"
#R-1-4,0.8234314469147341,"或因外部事件造成銀行損失之風險，包括法律風險，但排除策
略風險及信譽風險。
其他風險係指除上述風險外，足以影響彰化銀行之重大性風險，包括但
不限於策略風險及信譽風險，該等風險雖不易量化，但彰化銀
行應發展適當之管理程序，以降低潛在損失之風險。風險項目 風險項目 實體風險 定義 轉型風險表10   氣候風險與傳統風險連結 表9   傳統風險定義
信用風險實體風險可對彰化銀行客
戶之實體資產 (廠房、設
備、營運據點等 )造成直
接損害，或間接影響其既
有商業模式與價值鏈，進
而使客戶違約率提高。具高氣候風險的產業將可能因無
法遵守氣候相關新興規範造成營
業成本提高，甚至造成擱淺資產、"
#R-1-4,0.8222747898776255,"2022氣候相關財務揭露 TCFD報告書  15氣 候 治 理
氣 候 策 略
氣 候 風 險 管 理
管 理 氣 候 影 響 力
氣 候 指 標 與 目 標
未 來 展 望
附 錄我們透過情境分析及壓力測試進一步盤點氣候風險對彰化銀行傳統風險造成之潛在衝
擊，詳細分析結果請見本報告章節，實體風險請詳「 3-3、 1辨別實體風險對作業風險之
影響」及「 3-4、 3 辨別實體風險對信用風險之影響」；轉型風險請詳「 3-4、 2辨別轉
型風險對信用風險之影響」。信用風險係指借款人或交易對手因本身財務結構惡化或其他主、客觀因
素之影響，未能履行其契約義務而造成損失的風險，包括國家"
#R-1-4,0.8210997146677175,"氣候相關財務揭露工作小組每年定期執行氣候風險與機會辨識流程，執行氣
候風險與機會質化 /量化分析，並依據評估結果針對各項風險與機會研擬因應
策略，每月進行監控與報告，提報風險管理委員會及董事會。
時間區間 短期 中期 長期
年度1年以內 
（2022年）1 至 7 年 
（2023-2029 年）7年以上
（2030年~）影響程度 定義
不相關 無財務影響或效益
輕度 財務影響或效益低於新臺幣 5,000萬元
中度 財務影響或效益介於新臺幣 5,000萬元 ~1億元
高度 財務影響或效益超過新臺幣 1億元
圖 3   氣候風險與機會辨識流程STEP
1STEP
4
STEP
2STEP
5"
#R-1-5,0.8000501244551034,"前 言
關 於 本 報 告 書
02  前言氣候相關財務資訊揭露的核心要素本報告書以彰化銀行的營運活動作為本次揭露邊界。營運邊界
本報告書報告範疇為西元 (下同 )2021年1月1日至 2021年12月31日。報告範疇
本報告書依循國際金融穩定委員會 (Financial Stability Board, FSB) 之「氣候相關財務揭露建議」(Recommendations of the Task Force on Climate-related Financial Disclosures, 以"
R-2-1,0.856567929432309,"描述組織在氣候相關風險的管理流程。3-3 營運風險管理
3-4 投融資風險管理
描述氣候相關風險的鑑別、評估和管理流程如何整合在組織的整體風險管理制度。 3-2 將氣候相關風險納入標準風險評估框架
指標和目標揭露組織依循其策略和風險管理流程進行評估氣候相關風險與機會所使用的指標。 5    氣候指標與目標
揭露類別 1、類別 2和投融資組合（如適用）溫室氣體排放和相關風險。5-1 溫室氣體排放管理
5-4投融資組合排放量
描述組織在管理氣候相關風險與機會所使用的目標，以及落實該目標的表現。 5    氣候指標與目標面向 一般行業指引 對應章節"
R-2-1,0.8434090109620495,"份有限公司永續發展政策」增訂氣候風險管理政策，以建立完整氣候風險管理程序，準確辨識及評估氣候相關之風險與機會，強化對氣候風險之管理。
氣候風險雖擬於整體風險架構中作為獨立的風險項目，然其與既有之風險項目密不可分；與氣候風險相關之傳統風險定義如表  9所示；表  10說明各傳統風險類型如何受氣候相關實體
與轉型風險影響：3-2將氣候相關風險納入標準風險評估框架本次問卷結果，我們共鑑別出三大氣候變遷風險項目，其風險事件及影響說明如下表：
表8   本年度重大氣候風險影響程度及因應措施
排序 風險事件 時間範圍 影響範圍 傳統風險 營運影響 財務影響 因應作為"
R-2-1,0.8433531031674997,"氣候相關財務揭露工作小組每年定期執行氣候風險與機會辨識流程，執行氣
候風險與機會質化 /量化分析，並依據評估結果針對各項風險與機會研擬因應
策略，每月進行監控與報告，提報風險管理委員會及董事會。
時間區間 短期 中期 長期
年度1年以內 
（2022年）1 至 7 年 
（2023-2029 年）7年以上
（2030年~）影響程度 定義
不相關 無財務影響或效益
輕度 財務影響或效益低於新臺幣 5,000萬元
中度 財務影響或效益介於新臺幣 5,000萬元 ~1億元
高度 財務影響或效益超過新臺幣 1億元
圖 3   氣候風險與機會辨識流程STEP
1STEP
4
STEP
2STEP
5"
R-2-1,0.8371812029652614,"08  氣候策略氣 候 治 理
氣 候 策 略
氣 候 風 險 管 理
管 理 氣 候 影 響 力
氣 候 指 標 與 目 標
未 來 展 望
附 錄以綠色金融為核心，透過資金挹注及金融商品與服務協助企業低碳轉型，並考量業務發
展、風險管理、自身營運等層面設置具體發展目標。2-1氣候策略
表2   低碳轉型發展策略
層面 發展目標 相關章節
氣候風險管理研擬投融資對象於氣候層面表現的檢
視標準，將氣候相關因子納入投融資
流程管理，規劃與未掌握氣候風險管
理之高碳排放企業進行議合，協助其
適應低碳轉型。3-4 投融資風險管理
低碳營運2022年簽署科學基礎減碳目標倡議"
R-2-1,0.8368195513949016,"2022氣候相關財務揭露 TCFD報告書  09氣 候 治 理
氣 候 策 略
氣 候 風 險 管 理
管 理 氣 候 影 響 力
氣 候 指 標 與 目 標
未 來 展 望
附 錄STEP 6
氣候風險與
機會辨識流程整合為因應氣候變遷相關的風險與機會，彰化銀行積極進行低碳轉型，將氣候變遷納入日常
運營及長期策略之中。考量氣候風險類型2、時間區間、影響程度、發生可能性、金融
業既有風險之關聯性及各項業務性質，藉此確立氣候風險辨識流程，以確實掌握彰化銀
行受氣候風險之影響，並進一步採取「減緩」與「調適」兩大氣候行動積極因應。2-2氣候議題鑑別及評估流程
氣候相關議題蒐集"
R-2-1,0.8356500184955729,"機會矩陣。評估風險與機會之重大性
以「影響程度」及「發生可能性」兩個衡量維度計算氣候風險或機會指數，
考量成本效益及資料可取得性，據此排序氣候風險和機會之重大性。
擬訂合適的因應措施
針對已辨識之重大氣候風險和機會，衡量衝擊路徑、衝擊時間與地域範疇、
影響價值鏈位置及財務衝擊，綜整現有因應措施及執行績效，研擬未來可採
行之「減緩」與「調適」氣候行動。
氣候風險與機會辨識流程整合
氣候相關財務揭露工作小組每年定期執行氣候風險與機會辨識流程，執行氣
候風險與機會質化 /量化分析，並依據評估結果針對各項風險與機會研擬因應
策略，每月進行監控與報告，提報風險管理委員會及董事會。"
R-2-1,0.8321193348489667,"12  氣候風險管理氣 候 治 理
氣 候 策 略
氣 候 風 險 管 理
管 理 氣 候 影 響 力
氣 候 指 標 與 目 標
未 來 展 望
附 錄圖4   2021 年度氣候相關風險矩陣 表7   氣候風險鑑別議題
影響程度2.700 2.802.903.003.103.203.303.403.501.801.902.002.102.202.302.402.502.60
發生可能性類型 風險因子 風險事件 說明
實體立即性天災影響公司
營運在氣候變遷下，颱風和豪雨都越加
嚴重與頻繁，將可能使彰化銀行之
營運據點面臨天然災害，增加建築
設備維護成本，甚至造成營運中斷
或人員傷亡。"
R-2-1,0.8280104192511405,"策略描述組織鑑別的短、中、長期氣候相關風險與機會。3-1 氣候風險鑑別結果
4-1 氣候機會鑑別結果
描述衝擊組織在業務、策略和財務規劃的氣候相關風險與機會。3-1 氣候風險鑑別結果
4-1氣候機會鑑別結果
描述組織在策略上的韌性，並考量不同氣候相關情境（包括 2˚C或更嚴苛的情境）。 2-3 以情境分析評估策略韌性
風險管理描述組織在氣候相關風險的鑑別和評估流程。 2-2氣候議題鑑別及評估流程
描述組織在氣候相關風險的管理流程。3-3 營運風險管理
3-4 投融資風險管理
描述氣候相關風險的鑑別、評估和管理流程如何整合在組織的整體風險管理制度。 3-2 將氣候相關風險納入標準風險評估框架"
R-2-1,0.8272161660512647,"5-4投融資組合排放量
描述組織在管理氣候相關風險與機會所使用的目標，以及落實該目標的表現。 5    氣候指標與目標面向 一般行業指引 對應章節
策略 描述針對碳相關資產的信用暴險集中度。 5-3 碳資產暴險情形
風險管理考量揭露氣候相關風險與傳統銀行業風險之連結性 (如信用風險、市場風險、流動性風險和
作業風險 )。3-1 氣候風險鑑別結果
3-2 將氣候相關風險納入標準風險評估框架
指標和目標提供評估短、中、長期之氣候相關風險 (轉型與實體風險 )對其融資與其他金融中介業務影響
之指標。5    氣候指標與目標
揭露融資與其他金融中介活動之溫室氣體排放。5-1 溫室氣體排放管理"
R-2-1,0.8267258309870825,"2022氣候相關財務揭露 TCFD報告書  41氣 候 治 理
氣 候 策 略
氣 候 風 險 管 理
管 理 氣 候 影 響 力
氣 候 指 標 與 目 標
未 來 展 望
附 錄附錄  TCFD 核心要素對照表
治理描述董事會對氣候相關風險與機會的監督。1-2 氣候治理架構 - 董事會
1-2 氣候治理架構 - 功能性委員會
描述管理階層在評估和管理氣候相關風險與機會方面的角色。 1-2 氣候治理架構 -管理階層 (業務單位 )
策略描述組織鑑別的短、中、長期氣候相關風險與機會。3-1 氣候風險鑑別結果
4-1 氣候機會鑑別結果"
R-2-2,0.8338166516587732,"氣候相關財務揭露工作小組每年定期執行氣候風險與機會辨識流程，執行氣
候風險與機會質化 /量化分析，並依據評估結果針對各項風險與機會研擬因應
策略，每月進行監控與報告，提報風險管理委員會及董事會。
時間區間 短期 中期 長期
年度1年以內 
（2022年）1 至 7 年 
（2023-2029 年）7年以上
（2030年~）影響程度 定義
不相關 無財務影響或效益
輕度 財務影響或效益低於新臺幣 5,000萬元
中度 財務影響或效益介於新臺幣 5,000萬元 ~1億元
高度 財務影響或效益超過新臺幣 1億元
圖 3   氣候風險與機會辨識流程STEP
1STEP
4
STEP
2STEP
5"
R-2-2,0.8286202191918952,"12  氣候風險管理氣 候 治 理
氣 候 策 略
氣 候 風 險 管 理
管 理 氣 候 影 響 力
氣 候 指 標 與 目 標
未 來 展 望
附 錄圖4   2021 年度氣候相關風險矩陣 表7   氣候風險鑑別議題
影響程度2.700 2.802.903.003.103.203.303.403.501.801.902.002.102.202.302.402.502.60
發生可能性類型 風險因子 風險事件 說明
實體立即性天災影響公司
營運在氣候變遷下，颱風和豪雨都越加
嚴重與頻繁，將可能使彰化銀行之
營運據點面臨天然災害，增加建築
設備維護成本，甚至造成營運中斷
或人員傷亡。"
R-2-2,0.8232325453998992,"以此概算受影響之自有營運據點及授信戶之不動產擔保品 (與不動產擔保品相關之分析結果請詳「 3-4、 3 辨別實體風險對信用風險之影響」 )。本年度為精進風險辨識尺度、危害類
型及危害造成之損失金額，導入聯合國環境規劃署金融倡議（UNEP FI）所認可之氣候風險分析資料庫，定期盤點並監控位於實體風險高風險區域的暴險變化。時間範圍2025
2030
2050
RCP 2.6
RCP 8.5
不動產地址
建築經濟耐用年數
建築材質
經緯度
建築年份
重置成本氣候模型應用實體風險數據產出 推算潛在損失金額 氣候情境
輸入參數全球氣候模式 (General 
Circulation Models)"
R-2-2,0.8226555866539214,"份有限公司永續發展政策」增訂氣候風險管理政策，以建立完整氣候風險管理程序，準確辨識及評估氣候相關之風險與機會，強化對氣候風險之管理。
氣候風險雖擬於整體風險架構中作為獨立的風險項目，然其與既有之風險項目密不可分；與氣候風險相關之傳統風險定義如表  9所示；表  10說明各傳統風險類型如何受氣候相關實體
與轉型風險影響：3-2將氣候相關風險納入標準風險評估框架本次問卷結果，我們共鑑別出三大氣候變遷風險項目，其風險事件及影響說明如下表：
表8   本年度重大氣候風險影響程度及因應措施
排序 風險事件 時間範圍 影響範圍 傳統風險 營運影響 財務影響 因應作為"
R-2-2,0.8186865125625292,"2022氣候相關財務揭露 TCFD報告書  09氣 候 治 理
氣 候 策 略
氣 候 風 險 管 理
管 理 氣 候 影 響 力
氣 候 指 標 與 目 標
未 來 展 望
附 錄STEP 6
氣候風險與
機會辨識流程整合為因應氣候變遷相關的風險與機會，彰化銀行積極進行低碳轉型，將氣候變遷納入日常
運營及長期策略之中。考量氣候風險類型2、時間區間、影響程度、發生可能性、金融
業既有風險之關聯性及各項業務性質，藉此確立氣候風險辨識流程，以確實掌握彰化銀
行受氣候風險之影響，並進一步採取「減緩」與「調適」兩大氣候行動積極因應。2-2氣候議題鑑別及評估流程
氣候相關議題蒐集"
R-2-2,0.8163750838543593,"描述組織在氣候相關風險的管理流程。3-3 營運風險管理
3-4 投融資風險管理
描述氣候相關風險的鑑別、評估和管理流程如何整合在組織的整體風險管理制度。 3-2 將氣候相關風險納入標準風險評估框架
指標和目標揭露組織依循其策略和風險管理流程進行評估氣候相關風險與機會所使用的指標。 5    氣候指標與目標
揭露類別 1、類別 2和投融資組合（如適用）溫室氣體排放和相關風險。5-1 溫室氣體排放管理
5-4投融資組合排放量
描述組織在管理氣候相關風險與機會所使用的目標，以及落實該目標的表現。 5    氣候指標與目標面向 一般行業指引 對應章節"
R-2-2,0.8139320202639374,"策略描述組織鑑別的短、中、長期氣候相關風險與機會。3-1 氣候風險鑑別結果
4-1 氣候機會鑑別結果
描述衝擊組織在業務、策略和財務規劃的氣候相關風險與機會。3-1 氣候風險鑑別結果
4-1氣候機會鑑別結果
描述組織在策略上的韌性，並考量不同氣候相關情境（包括 2˚C或更嚴苛的情境）。 2-3 以情境分析評估策略韌性
風險管理描述組織在氣候相關風險的鑑別和評估流程。 2-2氣候議題鑑別及評估流程
描述組織在氣候相關風險的管理流程。3-3 營運風險管理
3-4 投融資風險管理
描述氣候相關風險的鑑別、評估和管理流程如何整合在組織的整體風險管理制度。 3-2 將氣候相關風險納入標準風險評估框架"
R-2-2,0.8101549578261358,"14  氣候風險管理氣 候 治 理
氣 候 策 略
氣 候 風 險 管 理
管 理 氣 候 影 響 力
氣 候 指 標 與 目 標
未 來 展 望
附 錄氣候變遷已成為近年各界所重視的風險之一，彰化銀行擬將氣候風險納入整體風險管理政策中，並依據金融監督管理委員會發布之「本國銀行氣候風險財務揭露指引」及「彰化銀行股
份有限公司永續發展政策」增訂氣候風險管理政策，以建立完整氣候風險管理程序，準確辨識及評估氣候相關之風險與機會，強化對氣候風險之管理。"
R-2-2,0.807560144950714,"評估氣候相關風險
與機會影響程度
STEP 4
評估風險與
機會之重大性STEP 5
擬訂合適的
因應措施註2：主要劃分為兩大類：與氣候變遷相關的「實體風險」及與低碳經濟相關的「轉型風險」，實體
風險依據氣候模式區分為立即性極端天氣事件或長期性氣候模式變化，轉型風險依據不同影
響因子再細分為政策和法規風險、技術創新風險、市場結構改變、聲譽風險等主要風險因子。
STEP 2
辨識影響商業策略與
目標的氣候相關風險與機會"
R-2-2,0.8048323798416648,"2022氣候相關財務揭露 TCFD報告書  17氣 候 治 理
氣 候 策 略
氣 候 風 險 管 理
管 理 氣 候 影 響 力
氣 候 指 標 與 目 標
未 來 展 望
附 錄圖6   實體風險情境分析流程
彰化銀行為確實掌握實體風險對營運據點及各項業務之影響，於 2020年參考 NCDR氣候變遷災害風險調適平台公布的「全臺災害風險圖」，具體評估淹水發生機率與模擬淹水深度，
以此概算受影響之自有營運據點及授信戶之不動產擔保品 (與不動產擔保品相關之分析結果請詳「 3-4、 3 辨別實體風險對信用風險之影響」 )。本年度為精進風險辨識尺度、危害類"
R-2-3,0.8413978371080945,"來較高的轉型風險。本年度情境分析結果及因應策略，實體風險請詳「 3-3、 1辨別實體
風險對作業風險之影響」及「 3-4、 3 辨別實體風險對信用風險之影響」；轉型風險請詳
「3-4、 2 辨別轉型風險對信用風險之影響」。 風險類型 業務類型 範圍
實體風險營運 全臺灣營運據點
融資 不動產擔保品鑑價金額前 150筆
轉型風險 融資授信對象屬於國內環保署納管之應盤查登錄溫室氣體排
放量之排放源者表5   情境分析實施範圍組織 分析時間範圍 採用路徑 對應本世紀末升溫
聯合國政府間氣候變遷
專門委員會
 (IPCC)2025、
2030、2050RCP 2.6 ~2°C"
R-2-3,0.8344349143162916,"08  氣候策略氣 候 治 理
氣 候 策 略
氣 候 風 險 管 理
管 理 氣 候 影 響 力
氣 候 指 標 與 目 標
未 來 展 望
附 錄以綠色金融為核心，透過資金挹注及金融商品與服務協助企業低碳轉型，並考量業務發
展、風險管理、自身營運等層面設置具體發展目標。2-1氣候策略
表2   低碳轉型發展策略
層面 發展目標 相關章節
氣候風險管理研擬投融資對象於氣候層面表現的檢
視標準，將氣候相關因子納入投融資
流程管理，規劃與未掌握氣候風險管
理之高碳排放企業進行議合，協助其
適應低碳轉型。3-4 投融資風險管理
低碳營運2022年簽署科學基礎減碳目標倡議"
R-2-3,0.8316368904107746,"份有限公司永續發展政策」增訂氣候風險管理政策，以建立完整氣候風險管理程序，準確辨識及評估氣候相關之風險與機會，強化對氣候風險之管理。
氣候風險雖擬於整體風險架構中作為獨立的風險項目，然其與既有之風險項目密不可分；與氣候風險相關之傳統風險定義如表  9所示；表  10說明各傳統風險類型如何受氣候相關實體
與轉型風險影響：3-2將氣候相關風險納入標準風險評估框架本次問卷結果，我們共鑑別出三大氣候變遷風險項目，其風險事件及影響說明如下表：
表8   本年度重大氣候風險影響程度及因應措施
排序 風險事件 時間範圍 影響範圍 傳統風險 營運影響 財務影響 因應作為"
R-2-3,0.82701902880683,"2022氣候相關財務揭露 TCFD報告書  09氣 候 治 理
氣 候 策 略
氣 候 風 險 管 理
管 理 氣 候 影 響 力
氣 候 指 標 與 目 標
未 來 展 望
附 錄STEP 6
氣候風險與
機會辨識流程整合為因應氣候變遷相關的風險與機會，彰化銀行積極進行低碳轉型，將氣候變遷納入日常
運營及長期策略之中。考量氣候風險類型2、時間區間、影響程度、發生可能性、金融
業既有風險之關聯性及各項業務性質，藉此確立氣候風險辨識流程，以確實掌握彰化銀
行受氣候風險之影響，並進一步採取「減緩」與「調適」兩大氣候行動積極因應。2-2氣候議題鑑別及評估流程
氣候相關議題蒐集"
R-2-3,0.8239430464353836,"評估氣候相關風險
與機會影響程度
STEP 4
評估風險與
機會之重大性STEP 5
擬訂合適的
因應措施註2：主要劃分為兩大類：與氣候變遷相關的「實體風險」及與低碳經濟相關的「轉型風險」，實體
風險依據氣候模式區分為立即性極端天氣事件或長期性氣候模式變化，轉型風險依據不同影
響因子再細分為政策和法規風險、技術創新風險、市場結構改變、聲譽風險等主要風險因子。
STEP 2
辨識影響商業策略與
目標的氣候相關風險與機會"
R-2-3,0.8238566540954719,"描述組織在氣候相關風險的管理流程。3-3 營運風險管理
3-4 投融資風險管理
描述氣候相關風險的鑑別、評估和管理流程如何整合在組織的整體風險管理制度。 3-2 將氣候相關風險納入標準風險評估框架
指標和目標揭露組織依循其策略和風險管理流程進行評估氣候相關風險與機會所使用的指標。 5    氣候指標與目標
揭露類別 1、類別 2和投融資組合（如適用）溫室氣體排放和相關風險。5-1 溫室氣體排放管理
5-4投融資組合排放量
描述組織在管理氣候相關風險與機會所使用的目標，以及落實該目標的表現。 5    氣候指標與目標面向 一般行業指引 對應章節"
R-2-3,0.8229140311289902,"氣候相關財務揭露工作小組每年定期執行氣候風險與機會辨識流程，執行氣
候風險與機會質化 /量化分析，並依據評估結果針對各項風險與機會研擬因應
策略，每月進行監控與報告，提報風險管理委員會及董事會。
時間區間 短期 中期 長期
年度1年以內 
（2022年）1 至 7 年 
（2023-2029 年）7年以上
（2030年~）影響程度 定義
不相關 無財務影響或效益
輕度 財務影響或效益低於新臺幣 5,000萬元
中度 財務影響或效益介於新臺幣 5,000萬元 ~1億元
高度 財務影響或效益超過新臺幣 1億元
圖 3   氣候風險與機會辨識流程STEP
1STEP
4
STEP
2STEP
5"
R-2-3,0.8185719843887007,"此作為指標，積極尋求其中的溫室氣體減量機會。
碳足跡每新臺幣百萬元投融
資餘額產生之公噸二
氧化碳當量公噸 CO2e/
新臺幣百萬元4.9 3.8 3.0
高碳排資產
暴露情形 投融資組合中高碳排
產業占總部位金額之
比例。用以評估轉型風
險壓力較大的產業之
暴險情形% 11% 14% 13.1%• 彰化銀行於 2022年訂定高碳排產業清單，未來投融資單
位需於投資及放款前進行氣候變遷風險評估，並與之進
行議合，詳細內容請詳 3-4、 1 高碳排產業名單建立。"
R-2-3,0.8163171795957628,"5-4投融資組合排放量
描述組織在管理氣候相關風險與機會所使用的目標，以及落實該目標的表現。 5    氣候指標與目標面向 一般行業指引 對應章節
策略 描述針對碳相關資產的信用暴險集中度。 5-3 碳資產暴險情形
風險管理考量揭露氣候相關風險與傳統銀行業風險之連結性 (如信用風險、市場風險、流動性風險和
作業風險 )。3-1 氣候風險鑑別結果
3-2 將氣候相關風險納入標準風險評估框架
指標和目標提供評估短、中、長期之氣候相關風險 (轉型與實體風險 )對其融資與其他金融中介業務影響
之指標。5    氣候指標與目標
揭露融資與其他金融中介活動之溫室氣體排放。5-1 溫室氣體排放管理"
R-2-3,0.8141232522008305,"12  氣候風險管理氣 候 治 理
氣 候 策 略
氣 候 風 險 管 理
管 理 氣 候 影 響 力
氣 候 指 標 與 目 標
未 來 展 望
附 錄圖4   2021 年度氣候相關風險矩陣 表7   氣候風險鑑別議題
影響程度2.700 2.802.903.003.103.203.303.403.501.801.902.002.102.202.302.402.502.60
發生可能性類型 風險因子 風險事件 說明
實體立即性天災影響公司
營運在氣候變遷下，颱風和豪雨都越加
嚴重與頻繁，將可能使彰化銀行之
營運據點面臨天然災害，增加建築
設備維護成本，甚至造成營運中斷
或人員傷亡。"
R-3-1,0.8453656009191328,"描述組織在氣候相關風險的管理流程。3-3 營運風險管理
3-4 投融資風險管理
描述氣候相關風險的鑑別、評估和管理流程如何整合在組織的整體風險管理制度。 3-2 將氣候相關風險納入標準風險評估框架
指標和目標揭露組織依循其策略和風險管理流程進行評估氣候相關風險與機會所使用的指標。 5    氣候指標與目標
揭露類別 1、類別 2和投融資組合（如適用）溫室氣體排放和相關風險。5-1 溫室氣體排放管理
5-4投融資組合排放量
描述組織在管理氣候相關風險與機會所使用的目標，以及落實該目標的表現。 5    氣候指標與目標面向 一般行業指引 對應章節"
R-3-1,0.8258483579425914,"氣候相關財務揭露工作小組每年定期執行氣候風險與機會辨識流程，執行氣
候風險與機會質化 /量化分析，並依據評估結果針對各項風險與機會研擬因應
策略，每月進行監控與報告，提報風險管理委員會及董事會。
時間區間 短期 中期 長期
年度1年以內 
（2022年）1 至 7 年 
（2023-2029 年）7年以上
（2030年~）影響程度 定義
不相關 無財務影響或效益
輕度 財務影響或效益低於新臺幣 5,000萬元
中度 財務影響或效益介於新臺幣 5,000萬元 ~1億元
高度 財務影響或效益超過新臺幣 1億元
圖 3   氣候風險與機會辨識流程STEP
1STEP
4
STEP
2STEP
5"
R-3-1,0.8254814880546352,"策略描述組織鑑別的短、中、長期氣候相關風險與機會。3-1 氣候風險鑑別結果
4-1 氣候機會鑑別結果
描述衝擊組織在業務、策略和財務規劃的氣候相關風險與機會。3-1 氣候風險鑑別結果
4-1氣候機會鑑別結果
描述組織在策略上的韌性，並考量不同氣候相關情境（包括 2˚C或更嚴苛的情境）。 2-3 以情境分析評估策略韌性
風險管理描述組織在氣候相關風險的鑑別和評估流程。 2-2氣候議題鑑別及評估流程
描述組織在氣候相關風險的管理流程。3-3 營運風險管理
3-4 投融資風險管理
描述氣候相關風險的鑑別、評估和管理流程如何整合在組織的整體風險管理制度。 3-2 將氣候相關風險納入標準風險評估框架"
R-3-1,0.8172160300914084,"份有限公司永續發展政策」增訂氣候風險管理政策，以建立完整氣候風險管理程序，準確辨識及評估氣候相關之風險與機會，強化對氣候風險之管理。
氣候風險雖擬於整體風險架構中作為獨立的風險項目，然其與既有之風險項目密不可分；與氣候風險相關之傳統風險定義如表  9所示；表  10說明各傳統風險類型如何受氣候相關實體
與轉型風險影響：3-2將氣候相關風險納入標準風險評估框架本次問卷結果，我們共鑑別出三大氣候變遷風險項目，其風險事件及影響說明如下表：
表8   本年度重大氣候風險影響程度及因應措施
排序 風險事件 時間範圍 影響範圍 傳統風險 營運影響 財務影響 因應作為"
R-3-1,0.8130865872414322,"化銀行營運之影響，並研擬因應措施。3-1氣候風險鑑別結果氣候風險管理3
3-1 氣候風險鑑別結果                                        11  
3-2 將氣候相關風險納入標準風險評估框架         14
3-3 營運風險管理                                               16
3-4 投融資風險管理                                           18"
R-3-1,0.8129348055810133,"5-4投融資組合排放量
描述組織在管理氣候相關風險與機會所使用的目標，以及落實該目標的表現。 5    氣候指標與目標面向 一般行業指引 對應章節
策略 描述針對碳相關資產的信用暴險集中度。 5-3 碳資產暴險情形
風險管理考量揭露氣候相關風險與傳統銀行業風險之連結性 (如信用風險、市場風險、流動性風險和
作業風險 )。3-1 氣候風險鑑別結果
3-2 將氣候相關風險納入標準風險評估框架
指標和目標提供評估短、中、長期之氣候相關風險 (轉型與實體風險 )對其融資與其他金融中介業務影響
之指標。5    氣候指標與目標
揭露融資與其他金融中介活動之溫室氣體排放。5-1 溫室氣體排放管理"
R-3-1,0.8122435870509417,"採取因應風險之對策，
包括風險規避、降低及
承擔。係指獨立之內部稽核單
位，應建立適當之稽核
程序，定期檢視行內
各單位風險管理之實際
執行狀況。查核時所發
現之缺失或異常，應詳
列於稽核報告中持續控
管，並提出追蹤報告。係指獨立之專責風險管
理單位，負責風險監
控、策略及政策制定，
以確保對於各項風險辨
識、衡量、監控與報告
之中立性與一致性。風
險管理單位應依主管機
關相關法令規定，考量
可能影響彰化銀行之氣
候風險，參酌暴險程
度、氣候情境分析和壓
力測試等方法，建立適
當管理機制以評估與衡
量氣候風險。圖5   風險管理架構之三道防線"
R-3-1,0.8077590991491097,"下簡稱 TCFD) 框架，主要以治理 (Governance)、策略 (Strategy)、風險管理 (Risk Management) 及指標和目標 (Metrics and Targets) 之核心要素撰寫而成。宣告製作依據
治理 該組織針對氣候相關風險與機會的治理
策略 氣候相關風險與機會對於組織的業務、策略和財務規劃的實際和潛在衝擊
風險管理 組織鑑別、評估和管理氣候相關風險的流程
指標和目標 用以評估和管理氣候相關風險與機會的指標和目標關於本報告書"
R-3-1,0.8064649801655828,"2022氣候相關財務揭露 TCFD報告書  09氣 候 治 理
氣 候 策 略
氣 候 風 險 管 理
管 理 氣 候 影 響 力
氣 候 指 標 與 目 標
未 來 展 望
附 錄STEP 6
氣候風險與
機會辨識流程整合為因應氣候變遷相關的風險與機會，彰化銀行積極進行低碳轉型，將氣候變遷納入日常
運營及長期策略之中。考量氣候風險類型2、時間區間、影響程度、發生可能性、金融
業既有風險之關聯性及各項業務性質，藉此確立氣候風險辨識流程，以確實掌握彰化銀
行受氣候風險之影響，並進一步採取「減緩」與「調適」兩大氣候行動積極因應。2-2氣候議題鑑別及評估流程
氣候相關議題蒐集"
R-3-1,0.8045470246038218,"理處應追蹤相關業務管理單位之改善計畫，視事故情況請其向風險管理委員會報告，並
由風險管理委員會彙整於每季之「風險管理報告書」轉陳至董事會報告。
此外，每年定期由彰化銀行總務處規劃、督導全行各單位進行防災教育訓練、防災演練；
由營業單位執行安全維護工作，並依彰化銀行訂立之安全維護檢查報告表定期辦理安全
防護檢查，針對缺失事項即予改善。
1. 辨別實體風險對作業風險之影響
實體風險指極端天氣事件造成資產嚴重損害，進而影響彰化銀行之日常營運，加劇金融
業傳統風險，如：極端天氣事件造成營運據點營運中斷，其視為作業風險之提高。3-3營運風險管理"
R-3-2,0.8241104431809568,"氣候相關財務揭露工作小組每年定期執行氣候風險與機會辨識流程，執行氣
候風險與機會質化 /量化分析，並依據評估結果針對各項風險與機會研擬因應
策略，每月進行監控與報告，提報風險管理委員會及董事會。
時間區間 短期 中期 長期
年度1年以內 
（2022年）1 至 7 年 
（2023-2029 年）7年以上
（2030年~）影響程度 定義
不相關 無財務影響或效益
輕度 財務影響或效益低於新臺幣 5,000萬元
中度 財務影響或效益介於新臺幣 5,000萬元 ~1億元
高度 財務影響或效益超過新臺幣 1億元
圖 3   氣候風險與機會辨識流程STEP
1STEP
4
STEP
2STEP
5"
R-3-2,0.8078140822098793,"描述組織在氣候相關風險的管理流程。3-3 營運風險管理
3-4 投融資風險管理
描述氣候相關風險的鑑別、評估和管理流程如何整合在組織的整體風險管理制度。 3-2 將氣候相關風險納入標準風險評估框架
指標和目標揭露組織依循其策略和風險管理流程進行評估氣候相關風險與機會所使用的指標。 5    氣候指標與目標
揭露類別 1、類別 2和投融資組合（如適用）溫室氣體排放和相關風險。5-1 溫室氣體排放管理
5-4投融資組合排放量
描述組織在管理氣候相關風險與機會所使用的目標，以及落實該目標的表現。 5    氣候指標與目標面向 一般行業指引 對應章節"
R-3-2,0.8007649139324239,"2022氣候相關財務揭露 TCFD報告書  09氣 候 治 理
氣 候 策 略
氣 候 風 險 管 理
管 理 氣 候 影 響 力
氣 候 指 標 與 目 標
未 來 展 望
附 錄STEP 6
氣候風險與
機會辨識流程整合為因應氣候變遷相關的風險與機會，彰化銀行積極進行低碳轉型，將氣候變遷納入日常
運營及長期策略之中。考量氣候風險類型2、時間區間、影響程度、發生可能性、金融
業既有風險之關聯性及各項業務性質，藉此確立氣候風險辨識流程，以確實掌握彰化銀
行受氣候風險之影響，並進一步採取「減緩」與「調適」兩大氣候行動積極因應。2-2氣候議題鑑別及評估流程
氣候相關議題蒐集"
MT-1-1,0.8588506870965738,"5-4投融資組合排放量
描述組織在管理氣候相關風險與機會所使用的目標，以及落實該目標的表現。 5    氣候指標與目標面向 一般行業指引 對應章節
策略 描述針對碳相關資產的信用暴險集中度。 5-3 碳資產暴險情形
風險管理考量揭露氣候相關風險與傳統銀行業風險之連結性 (如信用風險、市場風險、流動性風險和
作業風險 )。3-1 氣候風險鑑別結果
3-2 將氣候相關風險納入標準風險評估框架
指標和目標提供評估短、中、長期之氣候相關風險 (轉型與實體風險 )對其融資與其他金融中介業務影響
之指標。5    氣候指標與目標
揭露融資與其他金融中介活動之溫室氣體排放。5-1 溫室氣體排放管理"
MT-1-1,0.8515806141256372,"指標和目標提供評估短、中、長期之氣候相關風險 (轉型與實體風險 )對其融資與其他金融中介業務影響
之指標。5    氣候指標與目標
揭露融資與其他金融中介活動之溫室氣體排放。5-1 溫室氣體排放管理
5-4 投融資組合排放量面向 銀行業附加指引 對應章節"
MT-1-1,0.8302841662343932,"08  氣候策略氣 候 治 理
氣 候 策 略
氣 候 風 險 管 理
管 理 氣 候 影 響 力
氣 候 指 標 與 目 標
未 來 展 望
附 錄以綠色金融為核心，透過資金挹注及金融商品與服務協助企業低碳轉型，並考量業務發
展、風險管理、自身營運等層面設置具體發展目標。2-1氣候策略
表2   低碳轉型發展策略
層面 發展目標 相關章節
氣候風險管理研擬投融資對象於氣候層面表現的檢
視標準，將氣候相關因子納入投融資
流程管理，規劃與未掌握氣候風險管
理之高碳排放企業進行議合，協助其
適應低碳轉型。3-4 投融資風險管理
低碳營運2022年簽署科學基礎減碳目標倡議"
MT-1-1,0.8257644751773425,"氣候相關財務揭露工作小組每年定期執行氣候風險與機會辨識流程，執行氣
候風險與機會質化 /量化分析，並依據評估結果針對各項風險與機會研擬因應
策略，每月進行監控與報告，提報風險管理委員會及董事會。
時間區間 短期 中期 長期
年度1年以內 
（2022年）1 至 7 年 
（2023-2029 年）7年以上
（2030年~）影響程度 定義
不相關 無財務影響或效益
輕度 財務影響或效益低於新臺幣 5,000萬元
中度 財務影響或效益介於新臺幣 5,000萬元 ~1億元
高度 財務影響或效益超過新臺幣 1億元
圖 3   氣候風險與機會辨識流程STEP
1STEP
4
STEP
2STEP
5"
MT-1-1,0.8240698030822802,"22  管理氣候影響力氣 候 治 理
氣 候 策 略
氣 候 風 險 管 理
管 理 氣 候 影 響 力
氣 候 指 標 與 目 標
未 來 展 望
附 錄表12   氣候機會鑑別議題
類型 機會因子 機會事件 說明
資源效率轉用更高效
率的建築物綠建築自有建築或分公司使用綠建材與再
生能源，降低營運成本、達到環保
效益。
產品和服務開發氣候調
適解決方案簽署赤道原則彰化銀行為因應國內永續發展趨勢，
有效結合銀行核心職能，落實企業
社會責任，簽署赤道原則 (Equator 
Principles)，將 ESG因子導入授審過
程，建立更系統化、全面性的銀行
專案融資授信制度，並控管社會與"
MT-1-1,0.823458538619985,"描述組織在氣候相關風險的管理流程。3-3 營運風險管理
3-4 投融資風險管理
描述氣候相關風險的鑑別、評估和管理流程如何整合在組織的整體風險管理制度。 3-2 將氣候相關風險納入標準風險評估框架
指標和目標揭露組織依循其策略和風險管理流程進行評估氣候相關風險與機會所使用的指標。 5    氣候指標與目標
揭露類別 1、類別 2和投融資組合（如適用）溫室氣體排放和相關風險。5-1 溫室氣體排放管理
5-4投融資組合排放量
描述組織在管理氣候相關風險與機會所使用的目標，以及落實該目標的表現。 5    氣候指標與目標面向 一般行業指引 對應章節"
MT-1-1,0.8233343932593258,"23 | 4-2 綠色營運
25 | 4-3 綠色投融資
5 氣候指標與目標
32 | 5-1 溫室氣體排放管理
33 | 5-2 能資源與水資源管理
35 | 5-3 碳資產暴險情形
37 | 5-4 投融資組合排放量2 氣候策略
08 | 2-1 氣候策略
09 | 2-2 氣候議題鑑別及評估流程
10 | 2-3 以情境分析評估策略韌性
3 氣候風險管理
11 | 3-1 氣候風險鑑別結果
14 | 3-2 將氣候相關風險納入標準風險評估框架
16 | 3-3 營運風險管理
18 | 3-4 投融資風險管理6 未來展望
40 | 6     未來展望"
MT-1-1,0.8226988503939179,"Contents   
目錄
2022 
氣候相關財務揭露 
TCFD報告書前言 關於本報告書
02 | 營運邊界
02 | 報告範疇
02 | 宣告製作依據氣候相關財務揭露
附錄
41 | TCFD 核心要素對照表
42 | TCFD 符合性查核聲明書1 氣候治理
03 | 1-1 氣候治理進程
04 | 1-2氣候治理架構4 管理氣候影響力
21 | 4-1 氣候機會鑑別結果
23 | 4-2 綠色營運
25 | 4-3 綠色投融資
5 氣候指標與目標
32 | 5-1 溫室氣體排放管理
33 | 5-2 能資源與水資源管理
35 | 5-3 碳資產暴險情形"
MT-1-1,0.8213127037666673,"12  氣候風險管理氣 候 治 理
氣 候 策 略
氣 候 風 險 管 理
管 理 氣 候 影 響 力
氣 候 指 標 與 目 標
未 來 展 望
附 錄圖4   2021 年度氣候相關風險矩陣 表7   氣候風險鑑別議題
影響程度2.700 2.802.903.003.103.203.303.403.501.801.902.002.102.202.302.402.502.60
發生可能性類型 風險因子 風險事件 說明
實體立即性天災影響公司
營運在氣候變遷下，颱風和豪雨都越加
嚴重與頻繁，將可能使彰化銀行之
營運據點面臨天然災害，增加建築
設備維護成本，甚至造成營運中斷
或人員傷亡。"
MT-1-1,0.8177387142332162,"2022氣候相關財務揭露 TCFD報告書  09氣 候 治 理
氣 候 策 略
氣 候 風 險 管 理
管 理 氣 候 影 響 力
氣 候 指 標 與 目 標
未 來 展 望
附 錄STEP 6
氣候風險與
機會辨識流程整合為因應氣候變遷相關的風險與機會，彰化銀行積極進行低碳轉型，將氣候變遷納入日常
運營及長期策略之中。考量氣候風險類型2、時間區間、影響程度、發生可能性、金融
業既有風險之關聯性及各項業務性質，藉此確立氣候風險辨識流程，以確實掌握彰化銀
行受氣候風險之影響，並進一步採取「減緩」與「調適」兩大氣候行動積極因應。2-2氣候議題鑑別及評估流程
氣候相關議題蒐集"
MT-1-2,0.8368711180640547,"氣候相關財務揭露工作小組每年定期執行氣候風險與機會辨識流程，執行氣
候風險與機會質化 /量化分析，並依據評估結果針對各項風險與機會研擬因應
策略，每月進行監控與報告，提報風險管理委員會及董事會。
時間區間 短期 中期 長期
年度1年以內 
（2022年）1 至 7 年 
（2023-2029 年）7年以上
（2030年~）影響程度 定義
不相關 無財務影響或效益
輕度 財務影響或效益低於新臺幣 5,000萬元
中度 財務影響或效益介於新臺幣 5,000萬元 ~1億元
高度 財務影響或效益超過新臺幣 1億元
圖 3   氣候風險與機會辨識流程STEP
1STEP
4
STEP
2STEP
5"
MT-1-2,0.8295932595914708,"指標和目標提供評估短、中、長期之氣候相關風險 (轉型與實體風險 )對其融資與其他金融中介業務影響
之指標。5    氣候指標與目標
揭露融資與其他金融中介活動之溫室氣體排放。5-1 溫室氣體排放管理
5-4 投融資組合排放量面向 銀行業附加指引 對應章節"
MT-1-2,0.8293201202949793,"機會矩陣。評估風險與機會之重大性
以「影響程度」及「發生可能性」兩個衡量維度計算氣候風險或機會指數，
考量成本效益及資料可取得性，據此排序氣候風險和機會之重大性。
擬訂合適的因應措施
針對已辨識之重大氣候風險和機會，衡量衝擊路徑、衝擊時間與地域範疇、
影響價值鏈位置及財務衝擊，綜整現有因應措施及執行績效，研擬未來可採
行之「減緩」與「調適」氣候行動。
氣候風險與機會辨識流程整合
氣候相關財務揭露工作小組每年定期執行氣候風險與機會辨識流程，執行氣
候風險與機會質化 /量化分析，並依據評估結果針對各項風險與機會研擬因應
策略，每月進行監控與報告，提報風險管理委員會及董事會。"
MT-1-2,0.8268309274219259,"12  氣候風險管理氣 候 治 理
氣 候 策 略
氣 候 風 險 管 理
管 理 氣 候 影 響 力
氣 候 指 標 與 目 標
未 來 展 望
附 錄圖4   2021 年度氣候相關風險矩陣 表7   氣候風險鑑別議題
影響程度2.700 2.802.903.003.103.203.303.403.501.801.902.002.102.202.302.402.502.60
發生可能性類型 風險因子 風險事件 說明
實體立即性天災影響公司
營運在氣候變遷下，颱風和豪雨都越加
嚴重與頻繁，將可能使彰化銀行之
營運據點面臨天然災害，增加建築
設備維護成本，甚至造成營運中斷
或人員傷亡。"
MT-1-2,0.8264895925249431,"5-4投融資組合排放量
描述組織在管理氣候相關風險與機會所使用的目標，以及落實該目標的表現。 5    氣候指標與目標面向 一般行業指引 對應章節
策略 描述針對碳相關資產的信用暴險集中度。 5-3 碳資產暴險情形
風險管理考量揭露氣候相關風險與傳統銀行業風險之連結性 (如信用風險、市場風險、流動性風險和
作業風險 )。3-1 氣候風險鑑別結果
3-2 將氣候相關風險納入標準風險評估框架
指標和目標提供評估短、中、長期之氣候相關風險 (轉型與實體風險 )對其融資與其他金融中介業務影響
之指標。5    氣候指標與目標
揭露融資與其他金融中介活動之溫室氣體排放。5-1 溫室氣體排放管理"
MT-1-2,0.8261450401459717,"中度 財務影響或效益介於新臺幣 5,000萬元 ~1億元
高度 財務影響或效益超過新臺幣 1億元
圖 3   氣候風險與機會辨識流程STEP
1STEP
4
STEP
2STEP
5
STEP
3STEP
6
表3   氣候風險與機會 - 時間範圍表4   氣候風險與機會 - 財務影響程度
STEP 1
氣候相關
議題蒐集STEP 3
評估氣候相關風險
與機會影響程度
STEP 4
評估風險與
機會之重大性STEP 5
擬訂合適的
因應措施註2：主要劃分為兩大類：與氣候變遷相關的「實體風險」及與低碳經濟相關的「轉型風險」，實體"
MT-1-2,0.8253645753419591,"份有限公司永續發展政策」增訂氣候風險管理政策，以建立完整氣候風險管理程序，準確辨識及評估氣候相關之風險與機會，強化對氣候風險之管理。
氣候風險雖擬於整體風險架構中作為獨立的風險項目，然其與既有之風險項目密不可分；與氣候風險相關之傳統風險定義如表  9所示；表  10說明各傳統風險類型如何受氣候相關實體
與轉型風險影響：3-2將氣候相關風險納入標準風險評估框架本次問卷結果，我們共鑑別出三大氣候變遷風險項目，其風險事件及影響說明如下表：
表8   本年度重大氣候風險影響程度及因應措施
排序 風險事件 時間範圍 影響範圍 傳統風險 營運影響 財務影響 因應作為"
MT-1-2,0.8239084544094684,"2022氣候相關財務揭露 TCFD報告書  09氣 候 治 理
氣 候 策 略
氣 候 風 險 管 理
管 理 氣 候 影 響 力
氣 候 指 標 與 目 標
未 來 展 望
附 錄STEP 6
氣候風險與
機會辨識流程整合為因應氣候變遷相關的風險與機會，彰化銀行積極進行低碳轉型，將氣候變遷納入日常
運營及長期策略之中。考量氣候風險類型2、時間區間、影響程度、發生可能性、金融
業既有風險之關聯性及各項業務性質，藉此確立氣候風險辨識流程，以確實掌握彰化銀
行受氣候風險之影響，並進一步採取「減緩」與「調適」兩大氣候行動積極因應。2-2氣候議題鑑別及評估流程
氣候相關議題蒐集"
MT-1-2,0.8178584323564114,"2022氣候相關財務揭露 TCFD報告書  11氣 候 治 理
氣 候 策 略
氣 候 風 險 管 理
管 理 氣 候 影 響 力
氣 候 指 標 與 目 標
未 來 展 望
附 錄
彰化銀行遵循 TCFD架構，考量面向包含  TCFD 所建議之氣候風險與機會分類，包含立即性及長期性之實體風險與政策和法規、技術、市場、聲譽之轉型風險，本年度共蒐集 12項氣
候相關風險議題，並透過各單位主管針對各項氣候變遷風險所判斷的「風險發生可能性」和「影響程度」相乘，作為風險重大性之排序依據，最後針對風險排序前三大項目，評估對彰
化銀行營運之影響，並研擬因應措施。3-1氣候風險鑑別結果氣候風險管理3"
MT-1-2,0.8159208785100929,"評估氣候相關風險
與機會影響程度
STEP 4
評估風險與
機會之重大性STEP 5
擬訂合適的
因應措施註2：主要劃分為兩大類：與氣候變遷相關的「實體風險」及與低碳經濟相關的「轉型風險」，實體
風險依據氣候模式區分為立即性極端天氣事件或長期性氣候模式變化，轉型風險依據不同影
響因子再細分為政策和法規風險、技術創新風險、市場結構改變、聲譽風險等主要風險因子。
STEP 2
辨識影響商業策略與
目標的氣候相關風險與機會"
MT-1-3,0.8091197571565121,"2022氣候相關財務揭露 TCFD報告書  23氣 候 治 理
氣 候 策 略
氣 候 風 險 管 理
管 理 氣 候 影 響 力
氣 候 指 標 與 目 標
未 來 展 望
附 錄本次問卷結果，我們共鑑別出三大氣候變遷機會項目，其機會事件及影響說明如下表：
1. 降低溫室氣體排放量
彰化銀行執行各項資源節約、節能措施及溫室氣體排放減量策略等環境政策，並自發性導入各項國際管理系統，如環境管理系統 (ISO 14001)、能源管理系統 (ISO 50001)、水資源效率"
MT-1-3,0.8076265278458856,"此作為指標，積極尋求其中的溫室氣體減量機會。
碳足跡每新臺幣百萬元投融
資餘額產生之公噸二
氧化碳當量公噸 CO2e/
新臺幣百萬元4.9 3.8 3.0
高碳排資產
暴露情形 投融資組合中高碳排
產業占總部位金額之
比例。用以評估轉型風
險壓力較大的產業之
暴險情形% 11% 14% 13.1%• 彰化銀行於 2022年訂定高碳排產業清單，未來投融資單
位需於投資及放款前進行氣候變遷風險評估，並與之進
行議合，詳細內容請詳 3-4、 1 高碳排產業名單建立。"
MT-1-3,0.8070095385217677,"2022氣候相關財務揭露 TCFD報告書  19氣 候 治 理
氣 候 策 略
氣 候 風 險 管 理
管 理 氣 候 影 響 力
氣 候 指 標 與 目 標
未 來 展 望
附 錄2. 辨別轉型風險對信用風險之影響
環保署自 2015年起開始每年公布應盤查登錄溫室氣體排放量之企業名單，包含電力業、
鋼鐵業、水泥業、半導體業、薄膜電晶體液晶顯示器、石油煉製業等產業，以及化石燃
料燃燒產生溫室氣體年排放量達 2.5萬公噸 CO 2e以上者，皆被視為碳排大戶，需每年
至環保署登錄平台揭露前一年度溫室氣體排放量。臺灣《溫室氣體減量及管理法》現處"
MT-1-3,0.8058278673300678,"Contents   
目錄
2022 
氣候相關財務揭露 
TCFD報告書前言 關於本報告書
02 | 營運邊界
02 | 報告範疇
02 | 宣告製作依據氣候相關財務揭露
附錄
41 | TCFD 核心要素對照表
42 | TCFD 符合性查核聲明書1 氣候治理
03 | 1-1 氣候治理進程
04 | 1-2氣候治理架構4 管理氣候影響力
21 | 4-1 氣候機會鑑別結果
23 | 4-2 綠色營運
25 | 4-3 綠色投融資
5 氣候指標與目標
32 | 5-1 溫室氣體排放管理
33 | 5-2 能資源與水資源管理
35 | 5-3 碳資產暴險情形"
MT-1-3,0.801614211744836,"5-4投融資組合排放量
描述組織在管理氣候相關風險與機會所使用的目標，以及落實該目標的表現。 5    氣候指標與目標面向 一般行業指引 對應章節
策略 描述針對碳相關資產的信用暴險集中度。 5-3 碳資產暴險情形
風險管理考量揭露氣候相關風險與傳統銀行業風險之連結性 (如信用風險、市場風險、流動性風險和
作業風險 )。3-1 氣候風險鑑別結果
3-2 將氣候相關風險納入標準風險評估框架
指標和目標提供評估短、中、長期之氣候相關風險 (轉型與實體風險 )對其融資與其他金融中介業務影響
之指標。5    氣候指標與目標
揭露融資與其他金融中介活動之溫室氣體排放。5-1 溫室氣體排放管理"
MT-1-3,0.8001535526642901,"成投融資組合碳排放計
算，目前相關單位正積
極研擬針對重點資產類
別設定相應減量目標。
未來將依該目標建立具
體減碳執行方針，以逐
步達成彰化銀行設立之
減碳目標。TCFD報告書：
• 3-4投融資風
險管理
類型 指標 指標說明 單位 2019 2020 2021 行動方案
營運溫室氣體
排放量類別 1、2溫室氣體
排放量公噸 CO 2e 17,580.1 17,158.3 16,361.2• 每年定期盤查溫室氣體排放量，以檢視減量情形，增加管
理措施。
用電量彰化銀行透過導入 ISO 
50001能源管理系統，
並以用電量作為指標"
MT-1-5,0.8281430641831913,"年達成 SBTi類別 1和2升溫限制在  1.5°C和投融資組合排放升溫控制在低於 2°C目標，並積極檢視投融資組合及標的之減碳策略，研擬投融資對象於氣候層面表現的檢視標準，規
劃與未掌握氣候風險管理之高碳排放企業進行議合，協助其適應低碳轉型。
此外，彰化銀行為臺灣公股行庫之一，也將積極配合國家發展委員會 (下稱國發會 )於2022年發布「臺灣 2050淨零排放路徑及策略」中所提出的 2050年淨零排放目標，展開相應規
劃與行動。1-1氣候治理進程氣候治理1
1-1 氣候治理進程         03  
1-2 氣候治理架構         04"
MT-1-5,0.8259508056443379,"5-4投融資組合排放量
描述組織在管理氣候相關風險與機會所使用的目標，以及落實該目標的表現。 5    氣候指標與目標面向 一般行業指引 對應章節
策略 描述針對碳相關資產的信用暴險集中度。 5-3 碳資產暴險情形
風險管理考量揭露氣候相關風險與傳統銀行業風險之連結性 (如信用風險、市場風險、流動性風險和
作業風險 )。3-1 氣候風險鑑別結果
3-2 將氣候相關風險納入標準風險評估框架
指標和目標提供評估短、中、長期之氣候相關風險 (轉型與實體風險 )對其融資與其他金融中介業務影響
之指標。5    氣候指標與目標
揭露融資與其他金融中介活動之溫室氣體排放。5-1 溫室氣體排放管理"
MT-1-5,0.8234667144399125,"2022氣候相關財務揭露 TCFD報告書  23氣 候 治 理
氣 候 策 略
氣 候 風 險 管 理
管 理 氣 候 影 響 力
氣 候 指 標 與 目 標
未 來 展 望
附 錄本次問卷結果，我們共鑑別出三大氣候變遷機會項目，其機會事件及影響說明如下表：
1. 降低溫室氣體排放量
彰化銀行執行各項資源節約、節能措施及溫室氣體排放減量策略等環境政策，並自發性導入各項國際管理系統，如環境管理系統 (ISO 14001)、能源管理系統 (ISO 50001)、水資源效率"
MT-1-5,0.8231979955208324,"08  氣候策略氣 候 治 理
氣 候 策 略
氣 候 風 險 管 理
管 理 氣 候 影 響 力
氣 候 指 標 與 目 標
未 來 展 望
附 錄以綠色金融為核心，透過資金挹注及金融商品與服務協助企業低碳轉型，並考量業務發
展、風險管理、自身營運等層面設置具體發展目標。2-1氣候策略
表2   低碳轉型發展策略
層面 發展目標 相關章節
氣候風險管理研擬投融資對象於氣候層面表現的檢
視標準，將氣候相關因子納入投融資
流程管理，規劃與未掌握氣候風險管
理之高碳排放企業進行議合，協助其
適應低碳轉型。3-4 投融資風險管理
低碳營運2022年簽署科學基礎減碳目標倡議"
MT-1-5,0.8229329761373958,"前 言
關 於 本 報 告 書
2022氣候相關財務揭露 TCFD報告書  01近年來全球面臨極端氣候的嚴峻考驗，熱浪、水患頻襲、糧食短缺、能源危機等，據聯合國氣候變遷專門委員會公布最新氣候變遷評估報告，強調只要全球暖化升溫超過 1.5° C，對生態
或是人類系統的風險將大幅升高；而且升溫越多，人類將越無法調適。此等全球暖化氣候變遷問題可能演變為信用、市場、流動性及作業風險等系統性金融危機，面對氣候挑戰，從京都
議定書、巴黎協定至格拉斯哥協議，淨零趨勢已形成全球共識，在 2021年底第 26 屆聯合國氣候變遷會議中成立的「格拉斯哥淨零金融聯盟」，在會中宣示將於 2050年達成淨零排放目標。"
MT-1-5,0.8187745677435715,"SBTi)的承諾，致力使彰化銀行的業務發展策略與《巴黎協定》欲達成的目標保持一致 (全球升溫幅度控制在 1.5°C)，未來將逐步規劃營運及投融資活動之減碳目標。氣候指標與目標5
5-1 溫室氣體排放管理         32  
5-2 能資源與水資源管理     33
5-3 碳資產暴險情形            35
5-4 投融資組合排放量         37"
MT-1-5,0.8166473005176024,"視標準，將氣候相關因子納入投融資
流程管理，規劃與未掌握氣候風險管
理之高碳排放企業進行議合，協助其
適應低碳轉型。3-4 投融資風險管理
低碳營運2022年簽署科學基礎減碳目標倡議  
(SBTi)的承諾，致力使彰化銀行日常
營運活動與《巴黎協定》欲達成的
目標保持一致  (全球升溫幅度控制在  
1.5°C)，積極檢視彰化銀行之減碳
策略。4-2  綠色營運
低碳投融資2022年簽署科學基礎減碳目標倡議  
(SBTi)的承諾，致力使彰化銀行的業
務發展策略與 SBTi要求一致  (全球
升溫幅度控制在  2°C)，積極檢視投
融資組合及標的之減碳策略。4-3 綠色投融資"
MT-1-5,0.8166426643642661,"2022氣候相關財務揭露 TCFD報告書  19氣 候 治 理
氣 候 策 略
氣 候 風 險 管 理
管 理 氣 候 影 響 力
氣 候 指 標 與 目 標
未 來 展 望
附 錄2. 辨別轉型風險對信用風險之影響
環保署自 2015年起開始每年公布應盤查登錄溫室氣體排放量之企業名單，包含電力業、
鋼鐵業、水泥業、半導體業、薄膜電晶體液晶顯示器、石油煉製業等產業，以及化石燃
料燃燒產生溫室氣體年排放量達 2.5萬公噸 CO 2e以上者，皆被視為碳排大戶，需每年
至環保署登錄平台揭露前一年度溫室氣體排放量。臺灣《溫室氣體減量及管理法》現處"
MT-1-5,0.8166041842915758,"Contents   
目錄
2022 
氣候相關財務揭露 
TCFD報告書前言 關於本報告書
02 | 營運邊界
02 | 報告範疇
02 | 宣告製作依據氣候相關財務揭露
附錄
41 | TCFD 核心要素對照表
42 | TCFD 符合性查核聲明書1 氣候治理
03 | 1-1 氣候治理進程
04 | 1-2氣候治理架構4 管理氣候影響力
21 | 4-1 氣候機會鑑別結果
23 | 4-2 綠色營運
25 | 4-3 綠色投融資
5 氣候指標與目標
32 | 5-1 溫室氣體排放管理
33 | 5-2 能資源與水資源管理
35 | 5-3 碳資產暴險情形"
MT-1-5,0.8112653165501553,"2022氣候相關財務揭露 TCFD報告書  21氣 候 治 理
氣 候 策 略
氣 候 風 險 管 理
管 理 氣 候 影 響 力
氣 候 指 標 與 目 標
未 來 展 望
附 錄
氣候變遷不僅帶來風險，同時伴隨相關商機，彰化銀行持續增加永續發展債券之投資，並支持政府推動綠能產業政策，推出「太陽光電設備設置專案貸款」等多項綠色貸款，擴大彰化
銀行業務範圍，並推動各類網路服務與交易電子化，如下表所示：4-1氣候機會鑑別結果管理氣候影響力4
4-1 氣候機會鑑別結果          21 
4-2 綠色營運                      23"
#MT-1-6,0.8920559935579357,"指標和目標提供評估短、中、長期之氣候相關風險 (轉型與實體風險 )對其融資與其他金融中介業務影響
之指標。5    氣候指標與目標
揭露融資與其他金融中介活動之溫室氣體排放。5-1 溫室氣體排放管理
5-4 投融資組合排放量面向 銀行業附加指引 對應章節"
#MT-1-6,0.8766680058159511,"2022氣候相關財務揭露 TCFD報告書  15氣 候 治 理
氣 候 策 略
氣 候 風 險 管 理
管 理 氣 候 影 響 力
氣 候 指 標 與 目 標
未 來 展 望
附 錄我們透過情境分析及壓力測試進一步盤點氣候風險對彰化銀行傳統風險造成之潛在衝
擊，詳細分析結果請見本報告章節，實體風險請詳「 3-3、 1辨別實體風險對作業風險之
影響」及「 3-4、 3 辨別實體風險對信用風險之影響」；轉型風險請詳「 3-4、 2辨別轉
型風險對信用風險之影響」。信用風險係指借款人或交易對手因本身財務結構惡化或其他主、客觀因
素之影響，未能履行其契約義務而造成損失的風險，包括國家"
#MT-1-6,0.8722194375657626,"2022氣候相關財務揭露 TCFD報告書  11氣 候 治 理
氣 候 策 略
氣 候 風 險 管 理
管 理 氣 候 影 響 力
氣 候 指 標 與 目 標
未 來 展 望
附 錄
彰化銀行遵循 TCFD架構，考量面向包含  TCFD 所建議之氣候風險與機會分類，包含立即性及長期性之實體風險與政策和法規、技術、市場、聲譽之轉型風險，本年度共蒐集 12項氣
候相關風險議題，並透過各單位主管針對各項氣候變遷風險所判斷的「風險發生可能性」和「影響程度」相乘，作為風險重大性之排序依據，最後針對風險排序前三大項目，評估對彰
化銀行營運之影響，並研擬因應措施。3-1氣候風險鑑別結果氣候風險管理3"
#MT-1-6,0.8700510875769983,"2022氣候相關財務揭露 TCFD報告書  09氣 候 治 理
氣 候 策 略
氣 候 風 險 管 理
管 理 氣 候 影 響 力
氣 候 指 標 與 目 標
未 來 展 望
附 錄STEP 6
氣候風險與
機會辨識流程整合為因應氣候變遷相關的風險與機會，彰化銀行積極進行低碳轉型，將氣候變遷納入日常
運營及長期策略之中。考量氣候風險類型2、時間區間、影響程度、發生可能性、金融
業既有風險之關聯性及各項業務性質，藉此確立氣候風險辨識流程，以確實掌握彰化銀
行受氣候風險之影響，並進一步採取「減緩」與「調適」兩大氣候行動積極因應。2-2氣候議題鑑別及評估流程
氣候相關議題蒐集"
#MT-1-6,0.8648309475078331,"2022氣候相關財務揭露 TCFD報告書  13氣 候 治 理
氣 候 策 略
氣 候 風 險 管 理
管 理 氣 候 影 響 力
氣 候 指 標 與 目 標
未 來 展 望
附 錄類型 風險因子 風險事件 說明
轉型市場公司未能即時
因應永續金融
需求在淨零轉型趨勢下，大眾日益關注永
續相關議題，彰化銀行可能因推動永
續/綠色金融產品與服務不夠積極，
導致在氣候相關機會市場市占落後，
造成業務及客戶流失、營收下滑。
技術投/融資對象
面臨技術轉型未來將有更多為實現巴黎氣候協定目
標的政策出現，產業將被迫轉型或發
展較節能環保的產品與技術，彰化銀
行投 /融資對象可能因轉型需投入大"
#MT-1-6,0.8637564768253205,"2022氣候相關財務揭露 TCFD報告書  21氣 候 治 理
氣 候 策 略
氣 候 風 險 管 理
管 理 氣 候 影 響 力
氣 候 指 標 與 目 標
未 來 展 望
附 錄
氣候變遷不僅帶來風險，同時伴隨相關商機，彰化銀行持續增加永續發展債券之投資，並支持政府推動綠能產業政策，推出「太陽光電設備設置專案貸款」等多項綠色貸款，擴大彰化
銀行業務範圍，並推動各類網路服務與交易電子化，如下表所示：4-1氣候機會鑑別結果管理氣候影響力4
4-1 氣候機會鑑別結果          21 
4-2 綠色營運                      23"
#MT-1-6,0.8637262575349383,"2022氣候相關財務揭露 TCFD報告書  17氣 候 治 理
氣 候 策 略
氣 候 風 險 管 理
管 理 氣 候 影 響 力
氣 候 指 標 與 目 標
未 來 展 望
附 錄圖6   實體風險情境分析流程
彰化銀行為確實掌握實體風險對營運據點及各項業務之影響，於 2020年參考 NCDR氣候變遷災害風險調適平台公布的「全臺災害風險圖」，具體評估淹水發生機率與模擬淹水深度，
以此概算受影響之自有營運據點及授信戶之不動產擔保品 (與不動產擔保品相關之分析結果請詳「 3-4、 3 辨別實體風險對信用風險之影響」 )。本年度為精進風險辨識尺度、危害類"
#MT-1-6,0.8629557338182625,"5-4投融資組合排放量
描述組織在管理氣候相關風險與機會所使用的目標，以及落實該目標的表現。 5    氣候指標與目標面向 一般行業指引 對應章節
策略 描述針對碳相關資產的信用暴險集中度。 5-3 碳資產暴險情形
風險管理考量揭露氣候相關風險與傳統銀行業風險之連結性 (如信用風險、市場風險、流動性風險和
作業風險 )。3-1 氣候風險鑑別結果
3-2 將氣候相關風險納入標準風險評估框架
指標和目標提供評估短、中、長期之氣候相關風險 (轉型與實體風險 )對其融資與其他金融中介業務影響
之指標。5    氣候指標與目標
揭露融資與其他金融中介活動之溫室氣體排放。5-1 溫室氣體排放管理"
#MT-1-6,0.8528940749257291,"氣候相關財務揭露工作小組每年定期執行氣候風險與機會辨識流程，執行氣
候風險與機會質化 /量化分析，並依據評估結果針對各項風險與機會研擬因應
策略，每月進行監控與報告，提報風險管理委員會及董事會。
時間區間 短期 中期 長期
年度1年以內 
（2022年）1 至 7 年 
（2023-2029 年）7年以上
（2030年~）影響程度 定義
不相關 無財務影響或效益
輕度 財務影響或效益低於新臺幣 5,000萬元
中度 財務影響或效益介於新臺幣 5,000萬元 ~1億元
高度 財務影響或效益超過新臺幣 1億元
圖 3   氣候風險與機會辨識流程STEP
1STEP
4
STEP
2STEP
5"
#MT-1-6,0.8481313756768768,"2022氣候相關財務揭露 TCFD報告書  19氣 候 治 理
氣 候 策 略
氣 候 風 險 管 理
管 理 氣 候 影 響 力
氣 候 指 標 與 目 標
未 來 展 望
附 錄2. 辨別轉型風險對信用風險之影響
環保署自 2015年起開始每年公布應盤查登錄溫室氣體排放量之企業名單，包含電力業、
鋼鐵業、水泥業、半導體業、薄膜電晶體液晶顯示器、石油煉製業等產業，以及化石燃
料燃燒產生溫室氣體年排放量達 2.5萬公噸 CO 2e以上者，皆被視為碳排大戶，需每年
至環保署登錄平台揭露前一年度溫室氣體排放量。臺灣《溫室氣體減量及管理法》現處"
#MT-1-7,0.8257916915047685,"2022氣候相關財務揭露 TCFD報告書  21氣 候 治 理
氣 候 策 略
氣 候 風 險 管 理
管 理 氣 候 影 響 力
氣 候 指 標 與 目 標
未 來 展 望
附 錄
氣候變遷不僅帶來風險，同時伴隨相關商機，彰化銀行持續增加永續發展債券之投資，並支持政府推動綠能產業政策，推出「太陽光電設備設置專案貸款」等多項綠色貸款，擴大彰化
銀行業務範圍，並推動各類網路服務與交易電子化，如下表所示：4-1氣候機會鑑別結果管理氣候影響力4
4-1 氣候機會鑑別結果          21 
4-2 綠色營運                      23"
#MT-1-7,0.822432514171966,"2022氣候相關財務揭露 TCFD報告書  37氣 候 治 理
氣 候 策 略
氣 候 風 險 管 理
管 理 氣 候 影 響 力
氣 候 指 標 與 目 標
未 來 展 望
附 錄5-4投融資組合排放量 圖15   資產別投融資組合碳排放
圖16   資產別投融資組合碳足跡2020 2021
2020 2021投融資組合溫室氣體排放計算
極端氣候對全球經濟產生風險、亦帶來營運機會，企業須將氣候變遷
的風險與機會納入營運決策，辨識與管理風險並掌握機會。彰化銀行
針對範疇一、二已持續多年執行溫室氣體盤查，透過歷年溫室氣體排
放量變化確認在節能減碳上的成效。今年首度擴大盤查至範疇三投融"
#MT-1-7,0.8218610553392183,"前 言
關 於 本 報 告 書
02  前言氣候相關財務資訊揭露的核心要素本報告書以彰化銀行的營運活動作為本次揭露邊界。營運邊界
本報告書報告範疇為西元 (下同 )2021年1月1日至 2021年12月31日。報告範疇
本報告書依循國際金融穩定委員會 (Financial Stability Board, FSB) 之「氣候相關財務揭露建議」(Recommendations of the Task Force on Climate-related Financial Disclosures, 以"
#MT-1-7,0.8177460185587624,"5-4投融資組合排放量
描述組織在管理氣候相關風險與機會所使用的目標，以及落實該目標的表現。 5    氣候指標與目標面向 一般行業指引 對應章節
策略 描述針對碳相關資產的信用暴險集中度。 5-3 碳資產暴險情形
風險管理考量揭露氣候相關風險與傳統銀行業風險之連結性 (如信用風險、市場風險、流動性風險和
作業風險 )。3-1 氣候風險鑑別結果
3-2 將氣候相關風險納入標準風險評估框架
指標和目標提供評估短、中、長期之氣候相關風險 (轉型與實體風險 )對其融資與其他金融中介業務影響
之指標。5    氣候指標與目標
揭露融資與其他金融中介活動之溫室氣體排放。5-1 溫室氣體排放管理"
#MT-1-7,0.8172818423953582,"2022氣候相關財務揭露 TCFD報告書  07氣 候 治 理
氣 候 策 略
氣 候 風 險 管 理
管 理 氣 候 影 響 力
氣 候 指 標 與 目 標
未 來 展 望
附 錄
為面對全球暖化及因應氣候變遷議題，彰化銀行以「樂活環保愛地球」之環境政策，並依循 TCFD四大構面，持續推動「節能減碳」、「廢棄物減量」、「資源管理」及「綠建築」等
計畫，以減緩氣候變遷帶來之衝擊，達環境永續管理之目標。此外，認知金融機構在永續轉型及低碳經濟扮演關鍵角色，近年持續透過彰化銀行之產品與服務，以及投融資業務，響應
與促進綠色金融發展，未來亦將積極重視、規劃與業務相關之氣候策略。氣候策略2"
#MT-1-7,0.8152696287953396,"2022氣候相關財務揭露 TCFD報告書  29氣 候 治 理
氣 候 策 略
氣 候 風 險 管 理
管 理 氣 候 影 響 力
氣 候 指 標 與 目 標
未 來 展 望
附 錄類型 指標 基準年、範疇 短期目標 2021年達成情形 中、長期目標 未來策略行動規劃 管理措施章節對照
投融資
組合彰化銀行計畫於兩年內向 SBTi提交投融資組合碳排放減量目標。彰化銀行已於 2022年
依循 PCAF方法學完
成投融資組合碳排放計
算，目前相關單位正積
極研擬針對重點資產類
別設定相應減量目標。
未來將依該目標建立具
體減碳執行方針，以逐
步達成彰化銀行設立之
減碳目標。TCFD報告書："
#MT-1-7,0.8149570433049215,"2022氣候相關財務揭露 TCFD報告書  09氣 候 治 理
氣 候 策 略
氣 候 風 險 管 理
管 理 氣 候 影 響 力
氣 候 指 標 與 目 標
未 來 展 望
附 錄STEP 6
氣候風險與
機會辨識流程整合為因應氣候變遷相關的風險與機會，彰化銀行積極進行低碳轉型，將氣候變遷納入日常
運營及長期策略之中。考量氣候風險類型2、時間區間、影響程度、發生可能性、金融
業既有風險之關聯性及各項業務性質，藉此確立氣候風險辨識流程，以確實掌握彰化銀
行受氣候風險之影響，並進一步採取「減緩」與「調適」兩大氣候行動積極因應。2-2氣候議題鑑別及評估流程
氣候相關議題蒐集"
#MT-1-7,0.8125789078814301,"2022氣候相關財務揭露 TCFD報告書  31氣 候 治 理
氣 候 策 略
氣 候 風 險 管 理
管 理 氣 候 影 響 力
氣 候 指 標 與 目 標
未 來 展 望
附 錄類型 指標 指標說明 單位 2019 2020 2021 行動方案
投融資
相關實體資產氣
候情境暴險
【The 
Percentage 
of Value 
at Risk, 
VAR%)】導入聯合國環境規劃署
金融倡議（ UNEP FI）
所認可之氣候風險分析
資料庫，定期盤點並監
控位於實體風險高風險
區域的暴險變化占淨值比 %• 營運據點： 2050年RCP8.5情境下，資產減損"
#MT-1-7,0.8125462646435226,"前 言
關 於 本 報 告 書
2022氣候相關財務揭露 TCFD報告書  01近年來全球面臨極端氣候的嚴峻考驗，熱浪、水患頻襲、糧食短缺、能源危機等，據聯合國氣候變遷專門委員會公布最新氣候變遷評估報告，強調只要全球暖化升溫超過 1.5° C，對生態
或是人類系統的風險將大幅升高；而且升溫越多，人類將越無法調適。此等全球暖化氣候變遷問題可能演變為信用、市場、流動性及作業風險等系統性金融危機，面對氣候挑戰，從京都
議定書、巴黎協定至格拉斯哥協議，淨零趨勢已形成全球共識，在 2021年底第 26 屆聯合國氣候變遷會議中成立的「格拉斯哥淨零金融聯盟」，在會中宣示將於 2050年達成淨零排放目標。"
#MT-1-7,0.8089972473664425,"此作為指標，積極尋求其中的溫室氣體減量機會。
碳足跡每新臺幣百萬元投融
資餘額產生之公噸二
氧化碳當量公噸 CO2e/
新臺幣百萬元4.9 3.8 3.0
高碳排資產
暴露情形 投融資組合中高碳排
產業占總部位金額之
比例。用以評估轉型風
險壓力較大的產業之
暴險情形% 11% 14% 13.1%• 彰化銀行於 2022年訂定高碳排產業清單，未來投融資單
位需於投資及放款前進行氣候變遷風險評估，並與之進
行議合，詳細內容請詳 3-4、 1 高碳排產業名單建立。"
#MT-1-8,0.8179195452867523,"前 言
關 於 本 報 告 書
02  前言氣候相關財務資訊揭露的核心要素本報告書以彰化銀行的營運活動作為本次揭露邊界。營運邊界
本報告書報告範疇為西元 (下同 )2021年1月1日至 2021年12月31日。報告範疇
本報告書依循國際金融穩定委員會 (Financial Stability Board, FSB) 之「氣候相關財務揭露建議」(Recommendations of the Task Force on Climate-related Financial Disclosures, 以"
MT-2-1,0.8269381911513861,"2022氣候相關財務揭露 TCFD報告書  19氣 候 治 理
氣 候 策 略
氣 候 風 險 管 理
管 理 氣 候 影 響 力
氣 候 指 標 與 目 標
未 來 展 望
附 錄2. 辨別轉型風險對信用風險之影響
環保署自 2015年起開始每年公布應盤查登錄溫室氣體排放量之企業名單，包含電力業、
鋼鐵業、水泥業、半導體業、薄膜電晶體液晶顯示器、石油煉製業等產業，以及化石燃
料燃燒產生溫室氣體年排放量達 2.5萬公噸 CO 2e以上者，皆被視為碳排大戶，需每年
至環保署登錄平台揭露前一年度溫室氣體排放量。臺灣《溫室氣體減量及管理法》現處"
MT-2-1,0.8246386323769473,"使其對環境影響降低，
並定期就環境衝擊面
鑑別評估，列改善目
標及管理方案加以追
蹤。另每年盤查溫室
氣體排放量，以檢視
減量情形，增加管理
措施。永續報告書：
• 3.2.1 溫室氣
體盤查 
• 3.2.2 能源使
用管理
TCFD報告書：
• 4-2綠色營運
• 5-1溫室氣體
排放管理
• 5-2能資源與
水資源管理環境永續
相關指標
( 包含用電量、
用水量等 )2020年• 各項環境指標
較前一年減少
1% 以上。• 用電量較 2020年減少
2.09%。
• 用水量較 2020年減少
1.93%。中、長期目標：
各項環境指標較基準年減少 10%
以上。"
MT-2-1,0.8179674778620136,"註6：根據新版 ISO 14064-1： 2006，範疇三排放為燃料和能源相關活動 (不包括範疇一或二 )之溫室氣體排放。
註7：排放係數的選用上，以行政院環保署溫室氣體排放係數管理表 (6.0.4版本 )為準。使用之 GWP值係以 IPCC第五次評估報告所載為準。
註8：上列表單數據取至小數點第三位。"
MT-2-1,0.8128970219005183,"32  氣候指標與目標氣 候 治 理
氣 候 策 略
氣 候 風 險 管 理
管 理 氣 候 影 響 力
氣 候 指 標 與 目 標
未 來 展 望
附 錄彰化銀行溫室氣體盤查之組織邊界，係依照營運控制法來設定，為增加未來減量措施之範圍及可能性，自 2020 年起以新版標準為依據，進行獨立第三方之外部查證，以利彰化銀行於
未來持續建立節能減碳計畫，進而提升能源使用效率，降低溫室氣體排放強度。以下為近三年溫室氣體排放範疇及數據：5-1溫室氣體排放管理
表19   溫室氣體盤查數據
項目 2019年 2020年 2021年
盤查依循標準 ISO 14064-1:2018"
MT-2-1,0.8122012517555446,"表19   溫室氣體盤查數據
項目 2019年 2020年 2021年
盤查依循標準 ISO 14064-1:2018
類別 1排放量註1（公噸 CO 2e） 1,896.699 2,231.307 1,947.895
類別 2排放量註2（公噸 CO 2e） 15,683.359 14,926.995 14,413.313
碳排放總量：（類別 1+類別 2）（公噸 CO 2e） 17,580.058 17,158.302 16,361.208
碳排放密集度：（類別 1+類別 2） /人 (公噸 CO 2e /人) 2.654 2.570 2.475"
MT-2-1,0.8107120337963285,"前 言
關 於 本 報 告 書
2022氣候相關財務揭露 TCFD報告書  01近年來全球面臨極端氣候的嚴峻考驗，熱浪、水患頻襲、糧食短缺、能源危機等，據聯合國氣候變遷專門委員會公布最新氣候變遷評估報告，強調只要全球暖化升溫超過 1.5° C，對生態
或是人類系統的風險將大幅升高；而且升溫越多，人類將越無法調適。此等全球暖化氣候變遷問題可能演變為信用、市場、流動性及作業風險等系統性金融危機，面對氣候挑戰，從京都
議定書、巴黎協定至格拉斯哥協議，淨零趨勢已形成全球共識，在 2021年底第 26 屆聯合國氣候變遷會議中成立的「格拉斯哥淨零金融聯盟」，在會中宣示將於 2050年達成淨零排放目標。"
MT-2-1,0.8067695647631123,"2022氣候相關財務揭露 TCFD報告書  37氣 候 治 理
氣 候 策 略
氣 候 風 險 管 理
管 理 氣 候 影 響 力
氣 候 指 標 與 目 標
未 來 展 望
附 錄5-4投融資組合排放量 圖15   資產別投融資組合碳排放
圖16   資產別投融資組合碳足跡2020 2021
2020 2021投融資組合溫室氣體排放計算
極端氣候對全球經濟產生風險、亦帶來營運機會，企業須將氣候變遷
的風險與機會納入營運決策，辨識與管理風險並掌握機會。彰化銀行
針對範疇一、二已持續多年執行溫室氣體盤查，透過歷年溫室氣體排
放量變化確認在節能減碳上的成效。今年首度擴大盤查至範疇三投融"
MT-2-1,0.8052169763203492,"2022氣候相關財務揭露 TCFD報告書  23氣 候 治 理
氣 候 策 略
氣 候 風 險 管 理
管 理 氣 候 影 響 力
氣 候 指 標 與 目 標
未 來 展 望
附 錄本次問卷結果，我們共鑑別出三大氣候變遷機會項目，其機會事件及影響說明如下表：
1. 降低溫室氣體排放量
彰化銀行執行各項資源節約、節能措施及溫室氣體排放減量策略等環境政策，並自發性導入各項國際管理系統，如環境管理系統 (ISO 14001)、能源管理系統 (ISO 50001)、水資源效率"
MT-2-1,0.8042763996895332,"屬於國內環保署納管之應盤查登錄溫室氣體排放量之排放源者，了解未來政策與法規對
授信對象營運之影響，進而影響彰化銀行信用風險之預期損失金額。
2. 氣候情境設定
彰化銀行為確實掌握氣候相關議題在不同情況下潛在影響，分別採取較嚴格路徑（即致
力達成更低碳經濟的情境）及高排放 /照常營業路徑，分別代表最佳及最壞情況，以增
強不同情境間之比較性，充分考慮實體及轉型風險。一般而言，較高的排放情境帶來較高的實體風險，而致力於達成更低碳經濟的情境則帶
來較高的轉型風險。本年度情境分析結果及因應策略，實體風險請詳「 3-3、 1辨別實體"
MT-2-1,0.8019215060997071,"此作為指標，積極尋求其中的溫室氣體減量機會。
碳足跡每新臺幣百萬元投融
資餘額產生之公噸二
氧化碳當量公噸 CO2e/
新臺幣百萬元4.9 3.8 3.0
高碳排資產
暴露情形 投融資組合中高碳排
產業占總部位金額之
比例。用以評估轉型風
險壓力較大的產業之
暴險情形% 11% 14% 13.1%• 彰化銀行於 2022年訂定高碳排產業清單，未來投融資單
位需於投資及放款前進行氣候變遷風險評估，並與之進
行議合，詳細內容請詳 3-4、 1 高碳排產業名單建立。"
MT-2-2,0.8046810726555106,"2022氣候相關財務揭露 TCFD報告書  19氣 候 治 理
氣 候 策 略
氣 候 風 險 管 理
管 理 氣 候 影 響 力
氣 候 指 標 與 目 標
未 來 展 望
附 錄2. 辨別轉型風險對信用風險之影響
環保署自 2015年起開始每年公布應盤查登錄溫室氣體排放量之企業名單，包含電力業、
鋼鐵業、水泥業、半導體業、薄膜電晶體液晶顯示器、石油煉製業等產業，以及化石燃
料燃燒產生溫室氣體年排放量達 2.5萬公噸 CO 2e以上者，皆被視為碳排大戶，需每年
至環保署登錄平台揭露前一年度溫室氣體排放量。臺灣《溫室氣體減量及管理法》現處"
MT-2-2,0.8001097148602776,"使其對環境影響降低，
並定期就環境衝擊面
鑑別評估，列改善目
標及管理方案加以追
蹤。另每年盤查溫室
氣體排放量，以檢視
減量情形，增加管理
措施。永續報告書：
• 3.2.1 溫室氣
體盤查 
• 3.2.2 能源使
用管理
TCFD報告書：
• 4-2綠色營運
• 5-1溫室氣體
排放管理
• 5-2能資源與
水資源管理環境永續
相關指標
( 包含用電量、
用水量等 )2020年• 各項環境指標
較前一年減少
1% 以上。• 用電量較 2020年減少
2.09%。
• 用水量較 2020年減少
1.93%。中、長期目標：
各項環境指標較基準年減少 10%
以上。"
MT-2-3,0.8066418072685102,"2022氣候相關財務揭露 TCFD報告書  19氣 候 治 理
氣 候 策 略
氣 候 風 險 管 理
管 理 氣 候 影 響 力
氣 候 指 標 與 目 標
未 來 展 望
附 錄2. 辨別轉型風險對信用風險之影響
環保署自 2015年起開始每年公布應盤查登錄溫室氣體排放量之企業名單，包含電力業、
鋼鐵業、水泥業、半導體業、薄膜電晶體液晶顯示器、石油煉製業等產業，以及化石燃
料燃燒產生溫室氣體年排放量達 2.5萬公噸 CO 2e以上者，皆被視為碳排大戶，需每年
至環保署登錄平台揭露前一年度溫室氣體排放量。臺灣《溫室氣體減量及管理法》現處"
MT-2-3,0.8025235692721676,"使其對環境影響降低，
並定期就環境衝擊面
鑑別評估，列改善目
標及管理方案加以追
蹤。另每年盤查溫室
氣體排放量，以檢視
減量情形，增加管理
措施。永續報告書：
• 3.2.1 溫室氣
體盤查 
• 3.2.2 能源使
用管理
TCFD報告書：
• 4-2綠色營運
• 5-1溫室氣體
排放管理
• 5-2能資源與
水資源管理環境永續
相關指標
( 包含用電量、
用水量等 )2020年• 各項環境指標
較前一年減少
1% 以上。• 用電量較 2020年減少
2.09%。
• 用水量較 2020年減少
1.93%。中、長期目標：
各項環境指標較基準年減少 10%
以上。"
#MT-2-4,0.8456668281734901,"2022氣候相關財務揭露 TCFD報告書  19氣 候 治 理
氣 候 策 略
氣 候 風 險 管 理
管 理 氣 候 影 響 力
氣 候 指 標 與 目 標
未 來 展 望
附 錄2. 辨別轉型風險對信用風險之影響
環保署自 2015年起開始每年公布應盤查登錄溫室氣體排放量之企業名單，包含電力業、
鋼鐵業、水泥業、半導體業、薄膜電晶體液晶顯示器、石油煉製業等產業，以及化石燃
料燃燒產生溫室氣體年排放量達 2.5萬公噸 CO 2e以上者，皆被視為碳排大戶，需每年
至環保署登錄平台揭露前一年度溫室氣體排放量。臺灣《溫室氣體減量及管理法》現處"
#MT-2-4,0.8412590264625238,"前 言
關 於 本 報 告 書
2022氣候相關財務揭露 TCFD報告書  01近年來全球面臨極端氣候的嚴峻考驗，熱浪、水患頻襲、糧食短缺、能源危機等，據聯合國氣候變遷專門委員會公布最新氣候變遷評估報告，強調只要全球暖化升溫超過 1.5° C，對生態
或是人類系統的風險將大幅升高；而且升溫越多，人類將越無法調適。此等全球暖化氣候變遷問題可能演變為信用、市場、流動性及作業風險等系統性金融危機，面對氣候挑戰，從京都
議定書、巴黎協定至格拉斯哥協議，淨零趨勢已形成全球共識，在 2021年底第 26 屆聯合國氣候變遷會議中成立的「格拉斯哥淨零金融聯盟」，在會中宣示將於 2050年達成淨零排放目標。"
#MT-2-4,0.8373905704993421,"2022氣候相關財務揭露 TCFD報告書  37氣 候 治 理
氣 候 策 略
氣 候 風 險 管 理
管 理 氣 候 影 響 力
氣 候 指 標 與 目 標
未 來 展 望
附 錄5-4投融資組合排放量 圖15   資產別投融資組合碳排放
圖16   資產別投融資組合碳足跡2020 2021
2020 2021投融資組合溫室氣體排放計算
極端氣候對全球經濟產生風險、亦帶來營運機會，企業須將氣候變遷
的風險與機會納入營運決策，辨識與管理風險並掌握機會。彰化銀行
針對範疇一、二已持續多年執行溫室氣體盤查，透過歷年溫室氣體排
放量變化確認在節能減碳上的成效。今年首度擴大盤查至範疇三投融"
#MT-2-4,0.8334505657595603,"的風險與機會納入營運決策，辨識與管理風險並掌握機會。彰化銀行
針對範疇一、二已持續多年執行溫室氣體盤查，透過歷年溫室氣體排
放量變化確認在節能減碳上的成效。今年首度擴大盤查至範疇三投融
資組合的碳排放，以積極尋求該範疇中的溫室氣體減量機會。
彰化銀行採用國際組織 PCAF (Partnership for Carbon Accounting 
Financials) 之方法學計算投融資組合碳排放，以各年度年底作為基準
日，2021 年投融資組合之總碳排放量為 1,040,509 公噸 CO2e，相
較2020年之 1,133,583 公噸 CO 2e約下降 8.21%，碳足跡則由 2020"
#MT-2-4,0.8321769379651374,"2022氣候相關財務揭露 TCFD報告書  23氣 候 治 理
氣 候 策 略
氣 候 風 險 管 理
管 理 氣 候 影 響 力
氣 候 指 標 與 目 標
未 來 展 望
附 錄本次問卷結果，我們共鑑別出三大氣候變遷機會項目，其機會事件及影響說明如下表：
1. 降低溫室氣體排放量
彰化銀行執行各項資源節約、節能措施及溫室氣體排放減量策略等環境政策，並自發性導入各項國際管理系統，如環境管理系統 (ISO 14001)、能源管理系統 (ISO 50001)、水資源效率"
#MT-2-4,0.831368849584021,"成投融資組合碳排放計
算，目前相關單位正積
極研擬針對重點資產類
別設定相應減量目標。
未來將依該目標建立具
體減碳執行方針，以逐
步達成彰化銀行設立之
減碳目標。TCFD報告書：
• 3-4投融資風
險管理
類型 指標 指標說明 單位 2019 2020 2021 行動方案
營運溫室氣體
排放量類別 1、2溫室氣體
排放量公噸 CO 2e 17,580.1 17,158.3 16,361.2• 每年定期盤查溫室氣體排放量，以檢視減量情形，增加管
理措施。
用電量彰化銀行透過導入 ISO 
50001能源管理系統，
並以用電量作為指標"
#MT-2-4,0.8299049754379157,"2022氣候相關財務揭露 TCFD報告書  29氣 候 治 理
氣 候 策 略
氣 候 風 險 管 理
管 理 氣 候 影 響 力
氣 候 指 標 與 目 標
未 來 展 望
附 錄類型 指標 基準年、範疇 短期目標 2021年達成情形 中、長期目標 未來策略行動規劃 管理措施章節對照
投融資
組合彰化銀行計畫於兩年內向 SBTi提交投融資組合碳排放減量目標。彰化銀行已於 2022年
依循 PCAF方法學完
成投融資組合碳排放計
算，目前相關單位正積
極研擬針對重點資產類
別設定相應減量目標。
未來將依該目標建立具
體減碳執行方針，以逐
步達成彰化銀行設立之
減碳目標。TCFD報告書："
#MT-2-4,0.826708016674956,"2022氣候相關財務揭露 TCFD報告書  21氣 候 治 理
氣 候 策 略
氣 候 風 險 管 理
管 理 氣 候 影 響 力
氣 候 指 標 與 目 標
未 來 展 望
附 錄
氣候變遷不僅帶來風險，同時伴隨相關商機，彰化銀行持續增加永續發展債券之投資，並支持政府推動綠能產業政策，推出「太陽光電設備設置專案貸款」等多項綠色貸款，擴大彰化
銀行業務範圍，並推動各類網路服務與交易電子化，如下表所示：4-1氣候機會鑑別結果管理氣候影響力4
4-1 氣候機會鑑別結果          21 
4-2 綠色營運                      23"
#MT-2-4,0.8259257817033059,"Contents   
目錄
2022 
氣候相關財務揭露 
TCFD報告書前言 關於本報告書
02 | 營運邊界
02 | 報告範疇
02 | 宣告製作依據氣候相關財務揭露
附錄
41 | TCFD 核心要素對照表
42 | TCFD 符合性查核聲明書1 氣候治理
03 | 1-1 氣候治理進程
04 | 1-2氣候治理架構4 管理氣候影響力
21 | 4-1 氣候機會鑑別結果
23 | 4-2 綠色營運
25 | 4-3 綠色投融資
5 氣候指標與目標
32 | 5-1 溫室氣體排放管理
33 | 5-2 能資源與水資源管理
35 | 5-3 碳資產暴險情形"
#MT-2-4,0.8253618568702301,"2022氣候相關財務揭露 TCFD報告書  07氣 候 治 理
氣 候 策 略
氣 候 風 險 管 理
管 理 氣 候 影 響 力
氣 候 指 標 與 目 標
未 來 展 望
附 錄
為面對全球暖化及因應氣候變遷議題，彰化銀行以「樂活環保愛地球」之環境政策，並依循 TCFD四大構面，持續推動「節能減碳」、「廢棄物減量」、「資源管理」及「綠建築」等
計畫，以減緩氣候變遷帶來之衝擊，達環境永續管理之目標。此外，認知金融機構在永續轉型及低碳經濟扮演關鍵角色，近年持續透過彰化銀行之產品與服務，以及投融資業務，響應
與促進綠色金融發展，未來亦將積極重視、規劃與業務相關之氣候策略。氣候策略2"
MT-3-1,0.8375883486089919,"使其對環境影響降低，
並定期就環境衝擊面
鑑別評估，列改善目
標及管理方案加以追
蹤。另每年盤查溫室
氣體排放量，以檢視
減量情形，增加管理
措施。永續報告書：
• 3.2.1 溫室氣
體盤查 
• 3.2.2 能源使
用管理
TCFD報告書：
• 4-2綠色營運
• 5-1溫室氣體
排放管理
• 5-2能資源與
水資源管理環境永續
相關指標
( 包含用電量、
用水量等 )2020年• 各項環境指標
較前一年減少
1% 以上。• 用電量較 2020年減少
2.09%。
• 用水量較 2020年減少
1.93%。中、長期目標：
各項環境指標較基準年減少 10%
以上。"
MT-3-1,0.8351542606931169,"5-4投融資組合排放量
描述組織在管理氣候相關風險與機會所使用的目標，以及落實該目標的表現。 5    氣候指標與目標面向 一般行業指引 對應章節
策略 描述針對碳相關資產的信用暴險集中度。 5-3 碳資產暴險情形
風險管理考量揭露氣候相關風險與傳統銀行業風險之連結性 (如信用風險、市場風險、流動性風險和
作業風險 )。3-1 氣候風險鑑別結果
3-2 將氣候相關風險納入標準風險評估框架
指標和目標提供評估短、中、長期之氣候相關風險 (轉型與實體風險 )對其融資與其他金融中介業務影響
之指標。5    氣候指標與目標
揭露融資與其他金融中介活動之溫室氣體排放。5-1 溫室氣體排放管理"
MT-3-1,0.8220627470836314,"32  氣候指標與目標氣 候 治 理
氣 候 策 略
氣 候 風 險 管 理
管 理 氣 候 影 響 力
氣 候 指 標 與 目 標
未 來 展 望
附 錄彰化銀行溫室氣體盤查之組織邊界，係依照營運控制法來設定，為增加未來減量措施之範圍及可能性，自 2020 年起以新版標準為依據，進行獨立第三方之外部查證，以利彰化銀行於
未來持續建立節能減碳計畫，進而提升能源使用效率，降低溫室氣體排放強度。以下為近三年溫室氣體排放範疇及數據：5-1溫室氣體排放管理
表19   溫室氣體盤查數據
項目 2019年 2020年 2021年
盤查依循標準 ISO 14064-1:2018"
MT-3-1,0.8175084027725077,"28  氣候指標與目標氣 候 治 理
氣 候 策 略
氣 候 風 險 管 理
管 理 氣 候 影 響 力
氣 候 指 標 與 目 標
未 來 展 望
附 錄以下為本公司目前設定之短、中、長期指標與目標：
表17   目標
類型 目標 基準年、範疇 短期目標 2021年達成情形 中、長期目標 未來策略行動規劃 管理措施章節對照
營運溫室氣體
排放量2020年
類別 1與
類別 2• 平均每年減少
碳排放量降約
4.2%。• 遵循節能減碳措施，協助
營業單位汰換舊燈具，約
減碳 24,967 kgCO2e，針對
新租或搬遷之行舍，以採
用LED 節能燈具為主，約"
MT-3-1,0.8151782888668881,"2022氣候相關財務揭露 TCFD報告書  23氣 候 治 理
氣 候 策 略
氣 候 風 險 管 理
管 理 氣 候 影 響 力
氣 候 指 標 與 目 標
未 來 展 望
附 錄本次問卷結果，我們共鑑別出三大氣候變遷機會項目，其機會事件及影響說明如下表：
1. 降低溫室氣體排放量
彰化銀行執行各項資源節約、節能措施及溫室氣體排放減量策略等環境政策，並自發性導入各項國際管理系統，如環境管理系統 (ISO 14001)、能源管理系統 (ISO 50001)、水資源效率"
MT-3-1,0.8138252718797245,"成投融資組合碳排放計
算，目前相關單位正積
極研擬針對重點資產類
別設定相應減量目標。
未來將依該目標建立具
體減碳執行方針，以逐
步達成彰化銀行設立之
減碳目標。TCFD報告書：
• 3-4投融資風
險管理
類型 指標 指標說明 單位 2019 2020 2021 行動方案
營運溫室氣體
排放量類別 1、2溫室氣體
排放量公噸 CO 2e 17,580.1 17,158.3 16,361.2• 每年定期盤查溫室氣體排放量，以檢視減量情形，增加管
理措施。
用電量彰化銀行透過導入 ISO 
50001能源管理系統，
並以用電量作為指標"
MT-3-1,0.8131547176220502,"2022氣候相關財務揭露 TCFD報告書  19氣 候 治 理
氣 候 策 略
氣 候 風 險 管 理
管 理 氣 候 影 響 力
氣 候 指 標 與 目 標
未 來 展 望
附 錄2. 辨別轉型風險對信用風險之影響
環保署自 2015年起開始每年公布應盤查登錄溫室氣體排放量之企業名單，包含電力業、
鋼鐵業、水泥業、半導體業、薄膜電晶體液晶顯示器、石油煉製業等產業，以及化石燃
料燃燒產生溫室氣體年排放量達 2.5萬公噸 CO 2e以上者，皆被視為碳排大戶，需每年
至環保署登錄平台揭露前一年度溫室氣體排放量。臺灣《溫室氣體減量及管理法》現處"
MT-3-1,0.8091421513100552,"指標和目標提供評估短、中、長期之氣候相關風險 (轉型與實體風險 )對其融資與其他金融中介業務影響
之指標。5    氣候指標與目標
揭露融資與其他金融中介活動之溫室氣體排放。5-1 溫室氣體排放管理
5-4 投融資組合排放量面向 銀行業附加指引 對應章節"
MT-3-1,0.8084177490242137,"2030• 達成 SBTi類別 1和2
升溫限制 1.5°C和投
融資低於 2 °C目標
2018
• 廢棄物與資源回收減
量盤查，訂定減量目標
• 首次填報國際碳揭露
組織 (CDP) 問卷2020
• 完成總行臺北大樓汰
換省電燈專案，全面採
用環保省能 LED燈具
• 導入 TCFD進行氣候變
遷風險與機會之評估
• 獲評 CDP氣候變遷問
卷「B」管理等級2022
• 簽署科學基礎減碳目
標倡議 (SBTi)承諾2050
• 配合國發會「臺灣 2050
淨零排放路徑及策略」
達成淨零排放目標2017• 溫室氣體減量及管理，
擴展至國內所有營業
據點及辦公場所"
MT-3-1,0.8083303582945272,"表20   溫室氣體減量績效
項目2020年 2021年
基準年 實際成果 目標
碳排放總量（公噸 CO2e） 註117,158.302 16,361.208 16,987
目標 /實際減碳率（%） - 4.65% 4.2%
註1：碳排放總量為類別 1及類別 2之碳排放量總和。考量未來全球暖化效應持續加劇下，預估極端高溫或旱澇並存現象頻率增加，進而提升
彰化銀行實體風險，如極端高溫導致空調用電增加，提高彰化銀行營運成本；而旱季時
導致我國水資源供給不穩定，部分地區進入不同程度之限水或停水等，嚴重時可能影響"
